<?xml version="1.0" encoding="UTF-8"?>
<room>
  <game-table name="最初のテーブル" width="20" height="15" gridSize="50" imageIdentifier="testTableBackgroundImage_image" backgroundImageIdentifier="imageIdentifier" backgroundFilterType="" selected="false" gridType="0" gridColor="#000000e6">
    <table-mask isLock="false" location.name="table" location.x="50" location.y="50" posZ="0">
      <data name="table-mask">
        <data name="image">
          <data type="image" name="imageIdentifier"></data>
        </data>
        <data name="common">
          <data name="name">マップマスク-default</data>
          <data name="width">5</data>
          <data name="height">5</data>
          <data type="numberResource" currentValue="100" name="opacity">100</data>
        </data>
        <data name="detail"></data>
      </data>
    </table-mask>
    <table-mask isLock="true" location.name="table" location.x="350" location.y="50" posZ="0">
      <data name="table-mask">
        <data name="image">
          <data type="image" name="imageIdentifier"></data>
        </data>
        <data name="common">
          <data name="name">マップマスク-lock</data>
          <data name="width">5</data>
          <data name="height">5</data>
          <data type="numberResource" currentValue="100" name="opacity">100</data>
        </data>
        <data name="detail"></data>
      </data>
    </table-mask>
    <table-mask isLock="false" location.name="table" location.x="650" location.y="50" posZ="0">
      <data name="table-mask">
        <data name="image">
          <data type="image" name="imageIdentifier">none_icon</data>
        </data>
        <data name="common">
          <data name="name">マップマスク-image</data>
          <data name="width">5</data>
          <data name="height">5</data>
          <data type="numberResource" currentValue="100" name="opacity">100</data>
        </data>
        <data name="detail"></data>
      </data>
    </table-mask>
    <table-mask isLock="false" location.name="table" location.x="50" location.y="350" posZ="0">
      <data name="table-mask">
        <data name="image">
          <data type="image" name="imageIdentifier"></data>
        </data>
        <data name="common">
          <data name="name">マップマスク-opacity</data>
          <data name="width">5</data>
          <data name="height">5</data>
          <data type="numberResource" currentValue="30" name="opacity">100</data>
        </data>
        <data name="detail"></data>
      </data>
    </table-mask>
    <table-mask isLock="false" location.name="table" location.x="650" location.y="350" posZ="0">
      <data name="table-mask">
        <data name="image">
          <data type="image" name="imageIdentifier">none_icon</data>
        </data>
        <data name="common">
          <data name="name">マップマスク-image-opacity</data>
          <data name="width">5</data>
          <data name="height">5</data>
          <data type="numberResource" currentValue="40" name="opacity">100</data>
        </data>
        <data name="detail"></data>
      </data>
    </table-mask>
  </game-table>
</room>