<?xml version="1.0" encoding="UTF-8"?>
<room>
  <game-table name="最初のテーブル" width="20" height="15" gridSize="50" imageIdentifier="testTableBackgroundImage_image" backgroundImageIdentifier="imageIdentifier" backgroundFilterType="" selected="false" gridType="0" gridColor="#000000e6"></game-table>
  <card-stack rotate="0" zindex="32" owner="" isShowTotal="false" location.name="table" location.x="150" location.y="350" posZ="0">
    <data name="card-stack">
      <data name="image">
        <data type="image" name="imageIdentifier"></data>
      </data>
      <data name="common">
        <data name="name">トランプ山札-hiddenCount</data>
      </data>
      <data name="detail"></data>
    </data>
    <node name="cardRoot">
      <card state="0" rotate="0" owner="" zindex="0" location.name="table" location.x="353.8677676621669" location.y="362.18280606963197" posZ="0">
        <data name="card">
          <data name="image">
            <data type="image" name="imageIdentifier"></data>
            <data type="image" name="front">./assets/images/trump/c12.gif</data>
            <data type="image" name="back">./assets/images/trump/z02.gif</data>
          </data>
          <data name="common">
            <data name="name">カード</data>
            <data name="size">2</data>
          </data>
          <data name="detail"></data>
        </data>
      </card>
      <card state="0" rotate="0" owner="" zindex="0" location.name="table" location.x="353.8677676621669" location.y="362.18280606963197" posZ="0">
        <data name="card">
          <data name="image">
            <data type="image" name="imageIdentifier"></data>
            <data type="image" name="front">./assets/images/trump/c13.gif</data>
            <data type="image" name="back">./assets/images/trump/z02.gif</data>
          </data>
          <data name="common">
            <data name="name">カード</data>
            <data name="size">2</data>
          </data>
          <data name="detail"></data>
        </data>
      </card>
      <card state="0" rotate="0" owner="" zindex="0" location.name="table" location.x="353.8677676621669" location.y="362.18280606963197" posZ="0">
        <data name="card">
          <data name="image">
            <data type="image" name="imageIdentifier"></data>
            <data type="image" name="front">./assets/images/trump/d01.gif</data>
            <data type="image" name="back">./assets/images/trump/z02.gif</data>
          </data>
          <data name="common">
            <data name="name">カード</data>
            <data name="size">2</data>
          </data>
          <data name="detail"></data>
        </data>
      </card>
      <card state="0" rotate="0" owner="" zindex="0" location.name="table" location.x="353.8677676621669" location.y="362.18280606963197" posZ="0">
        <data name="card">
          <data name="image">
            <data type="image" name="imageIdentifier"></data>
            <data type="image" name="front">./assets/images/trump/d02.gif</data>
            <data type="image" name="back">./assets/images/trump/z02.gif</data>
          </data>
          <data name="common">
            <data name="name">カード</data>
            <data name="size">2</data>
          </data>
          <data name="detail"></data>
        </data>
      </card>
      <card state="0" rotate="0" owner="" zindex="0" location.name="table" location.x="353.8677676621669" location.y="362.18280606963197" posZ="0">
        <data name="card">
          <data name="image">
            <data type="image" name="imageIdentifier"></data>
            <data type="image" name="front">./assets/images/trump/d03.gif</data>
            <data type="image" name="back">./assets/images/trump/z02.gif</data>
          </data>
          <data name="common">
            <data name="name">カード</data>
            <data name="size">2</data>
          </data>
          <data name="detail"></data>
        </data>
      </card>
      <card state="0" rotate="0" owner="" zindex="0" location.name="table" location.x="353.8677676621669" location.y="362.18280606963197" posZ="0">
        <data name="card">
          <data name="image">
            <data type="image" name="imageIdentifier"></data>
            <data type="image" name="front">./assets/images/trump/d04.gif</data>
            <data type="image" name="back">./assets/images/trump/z02.gif</data>
          </data>
          <data name="common">
            <data name="name">カード</data>
            <data name="size">2</data>
          </data>
          <data name="detail"></data>
        </data>
      </card>
      <card state="0" rotate="0" owner="" zindex="0" location.name="table" location.x="353.8677676621669" location.y="362.18280606963197" posZ="0">
        <data name="card">
          <data name="image">
            <data type="image" name="imageIdentifier"></data>
            <data type="image" name="front">./assets/images/trump/d05.gif</data>
            <data type="image" name="back">./assets/images/trump/z02.gif</data>
          </data>
          <data name="common">
            <data name="name">カード</data>
            <data name="size">2</data>
          </data>
          <data name="detail"></data>
        </data>
      </card>
      <card state="0" rotate="0" owner="" zindex="0" location.name="table" location.x="353.8677676621669" location.y="362.18280606963197" posZ="0">
        <data name="card">
          <data name="image">
            <data type="image" name="imageIdentifier"></data>
            <data type="image" name="front">./assets/images/trump/d06.gif</data>
            <data type="image" name="back">./assets/images/trump/z02.gif</data>
          </data>
          <data name="common">
            <data name="name">カード</data>
            <data name="size">2</data>
          </data>
          <data name="detail"></data>
        </data>
      </card>
      <card state="0" rotate="0" owner="" zindex="0" location.name="table" location.x="353.8677676621669" location.y="362.18280606963197" posZ="0">
        <data name="card">
          <data name="image">
            <data type="image" name="imageIdentifier"></data>
            <data type="image" name="front">./assets/images/trump/d07.gif</data>
            <data type="image" name="back">./assets/images/trump/z02.gif</data>
          </data>
          <data name="common">
            <data name="name">カード</data>
            <data name="size">2</data>
          </data>
          <data name="detail"></data>
        </data>
      </card>
      <card state="0" rotate="0" owner="" zindex="0" location.name="table" location.x="353.8677676621669" location.y="362.18280606963197" posZ="0">
        <data name="card">
          <data name="image">
            <data type="image" name="imageIdentifier"></data>
            <data type="image" name="front">./assets/images/trump/d08.gif</data>
            <data type="image" name="back">./assets/images/trump/z02.gif</data>
          </data>
          <data name="common">
            <data name="name">カード</data>
            <data name="size">2</data>
          </data>
          <data name="detail"></data>
        </data>
      </card>
      <card state="0" rotate="0" owner="" zindex="0" location.name="table" location.x="353.8677676621669" location.y="362.18280606963197" posZ="0">
        <data name="card">
          <data name="image">
            <data type="image" name="imageIdentifier"></data>
            <data type="image" name="front">./assets/images/trump/d09.gif</data>
            <data type="image" name="back">./assets/images/trump/z02.gif</data>
          </data>
          <data name="common">
            <data name="name">カード</data>
            <data name="size">2</data>
          </data>
          <data name="detail"></data>
        </data>
      </card>
      <card state="0" rotate="0" owner="" zindex="0" location.name="table" location.x="353.8677676621669" location.y="362.18280606963197" posZ="0">
        <data name="card">
          <data name="image">
            <data type="image" name="imageIdentifier"></data>
            <data type="image" name="front">./assets/images/trump/d10.gif</data>
            <data type="image" name="back">./assets/images/trump/z02.gif</data>
          </data>
          <data name="common">
            <data name="name">カード</data>
            <data name="size">2</data>
          </data>
          <data name="detail"></data>
        </data>
      </card>
      <card state="0" rotate="0" owner="" zindex="0" location.name="table" location.x="353.8677676621669" location.y="362.18280606963197" posZ="0">
        <data name="card">
          <data name="image">
            <data type="image" name="imageIdentifier"></data>
            <data type="image" name="front">./assets/images/trump/d11.gif</data>
            <data type="image" name="back">./assets/images/trump/z02.gif</data>
          </data>
          <data name="common">
            <data name="name">カード</data>
            <data name="size">2</data>
          </data>
          <data name="detail"></data>
        </data>
      </card>
      <card state="0" rotate="0" owner="" zindex="0" location.name="table" location.x="353.8677676621669" location.y="362.18280606963197" posZ="0">
        <data name="card">
          <data name="image">
            <data type="image" name="imageIdentifier"></data>
            <data type="image" name="front">./assets/images/trump/d12.gif</data>
            <data type="image" name="back">./assets/images/trump/z02.gif</data>
          </data>
          <data name="common">
            <data name="name">カード</data>
            <data name="size">2</data>
          </data>
          <data name="detail"></data>
        </data>
      </card>
      <card state="0" rotate="0" owner="" zindex="0" location.name="table" location.x="353.8677676621669" location.y="362.18280606963197" posZ="0">
        <data name="card">
          <data name="image">
            <data type="image" name="imageIdentifier"></data>
            <data type="image" name="front">./assets/images/trump/d13.gif</data>
            <data type="image" name="back">./assets/images/trump/z02.gif</data>
          </data>
          <data name="common">
            <data name="name">カード</data>
            <data name="size">2</data>
          </data>
          <data name="detail"></data>
        </data>
      </card>
      <card state="0" rotate="0" owner="" zindex="0" location.name="table" location.x="353.8677676621669" location.y="362.18280606963197" posZ="0">
        <data name="card">
          <data name="image">
            <data type="image" name="imageIdentifier"></data>
            <data type="image" name="front">./assets/images/trump/h01.gif</data>
            <data type="image" name="back">./assets/images/trump/z02.gif</data>
          </data>
          <data name="common">
            <data name="name">カード</data>
            <data name="size">2</data>
          </data>
          <data name="detail"></data>
        </data>
      </card>
      <card state="0" rotate="0" owner="" zindex="0" location.name="table" location.x="353.8677676621669" location.y="362.18280606963197" posZ="0">
        <data name="card">
          <data name="image">
            <data type="image" name="imageIdentifier"></data>
            <data type="image" name="front">./assets/images/trump/h02.gif</data>
            <data type="image" name="back">./assets/images/trump/z02.gif</data>
          </data>
          <data name="common">
            <data name="name">カード</data>
            <data name="size">2</data>
          </data>
          <data name="detail"></data>
        </data>
      </card>
      <card state="0" rotate="0" owner="" zindex="0" location.name="table" location.x="353.8677676621669" location.y="362.18280606963197" posZ="0">
        <data name="card">
          <data name="image">
            <data type="image" name="imageIdentifier"></data>
            <data type="image" name="front">./assets/images/trump/h03.gif</data>
            <data type="image" name="back">./assets/images/trump/z02.gif</data>
          </data>
          <data name="common">
            <data name="name">カード</data>
            <data name="size">2</data>
          </data>
          <data name="detail"></data>
        </data>
      </card>
      <card state="0" rotate="0" owner="" zindex="0" location.name="table" location.x="353.8677676621669" location.y="362.18280606963197" posZ="0">
        <data name="card">
          <data name="image">
            <data type="image" name="imageIdentifier"></data>
            <data type="image" name="front">./assets/images/trump/h04.gif</data>
            <data type="image" name="back">./assets/images/trump/z02.gif</data>
          </data>
          <data name="common">
            <data name="name">カード</data>
            <data name="size">2</data>
          </data>
          <data name="detail"></data>
        </data>
      </card>
      <card state="0" rotate="0" owner="" zindex="0" location.name="table" location.x="353.8677676621669" location.y="362.18280606963197" posZ="0">
        <data name="card">
          <data name="image">
            <data type="image" name="imageIdentifier"></data>
            <data type="image" name="front">./assets/images/trump/h05.gif</data>
            <data type="image" name="back">./assets/images/trump/z02.gif</data>
          </data>
          <data name="common">
            <data name="name">カード</data>
            <data name="size">2</data>
          </data>
          <data name="detail"></data>
        </data>
      </card>
      <card state="0" rotate="0" owner="" zindex="0" location.name="table" location.x="353.8677676621669" location.y="362.18280606963197" posZ="0">
        <data name="card">
          <data name="image">
            <data type="image" name="imageIdentifier"></data>
            <data type="image" name="front">./assets/images/trump/h06.gif</data>
            <data type="image" name="back">./assets/images/trump/z02.gif</data>
          </data>
          <data name="common">
            <data name="name">カード</data>
            <data name="size">2</data>
          </data>
          <data name="detail"></data>
        </data>
      </card>
      <card state="0" rotate="0" owner="" zindex="0" location.name="table" location.x="353.8677676621669" location.y="362.18280606963197" posZ="0">
        <data name="card">
          <data name="image">
            <data type="image" name="imageIdentifier"></data>
            <data type="image" name="front">./assets/images/trump/h07.gif</data>
            <data type="image" name="back">./assets/images/trump/z02.gif</data>
          </data>
          <data name="common">
            <data name="name">カード</data>
            <data name="size">2</data>
          </data>
          <data name="detail"></data>
        </data>
      </card>
      <card state="0" rotate="0" owner="" zindex="0" location.name="table" location.x="353.8677676621669" location.y="362.18280606963197" posZ="0">
        <data name="card">
          <data name="image">
            <data type="image" name="imageIdentifier"></data>
            <data type="image" name="front">./assets/images/trump/h08.gif</data>
            <data type="image" name="back">./assets/images/trump/z02.gif</data>
          </data>
          <data name="common">
            <data name="name">カード</data>
            <data name="size">2</data>
          </data>
          <data name="detail"></data>
        </data>
      </card>
      <card state="0" rotate="0" owner="" zindex="0" location.name="table" location.x="353.8677676621669" location.y="362.18280606963197" posZ="0">
        <data name="card">
          <data name="image">
            <data type="image" name="imageIdentifier"></data>
            <data type="image" name="front">./assets/images/trump/h09.gif</data>
            <data type="image" name="back">./assets/images/trump/z02.gif</data>
          </data>
          <data name="common">
            <data name="name">カード</data>
            <data name="size">2</data>
          </data>
          <data name="detail"></data>
        </data>
      </card>
      <card state="0" rotate="0" owner="" zindex="0" location.name="table" location.x="353.8677676621669" location.y="362.18280606963197" posZ="0">
        <data name="card">
          <data name="image">
            <data type="image" name="imageIdentifier"></data>
            <data type="image" name="front">./assets/images/trump/h10.gif</data>
            <data type="image" name="back">./assets/images/trump/z02.gif</data>
          </data>
          <data name="common">
            <data name="name">カード</data>
            <data name="size">2</data>
          </data>
          <data name="detail"></data>
        </data>
      </card>
      <card state="0" rotate="0" owner="" zindex="0" location.name="table" location.x="353.8677676621669" location.y="362.18280606963197" posZ="0">
        <data name="card">
          <data name="image">
            <data type="image" name="imageIdentifier"></data>
            <data type="image" name="front">./assets/images/trump/h11.gif</data>
            <data type="image" name="back">./assets/images/trump/z02.gif</data>
          </data>
          <data name="common">
            <data name="name">カード</data>
            <data name="size">2</data>
          </data>
          <data name="detail"></data>
        </data>
      </card>
      <card state="0" rotate="0" owner="" zindex="0" location.name="table" location.x="353.8677676621669" location.y="362.18280606963197" posZ="0">
        <data name="card">
          <data name="image">
            <data type="image" name="imageIdentifier"></data>
            <data type="image" name="front">./assets/images/trump/h12.gif</data>
            <data type="image" name="back">./assets/images/trump/z02.gif</data>
          </data>
          <data name="common">
            <data name="name">カード</data>
            <data name="size">2</data>
          </data>
          <data name="detail"></data>
        </data>
      </card>
      <card state="0" rotate="0" owner="" zindex="0" location.name="table" location.x="353.8677676621669" location.y="362.18280606963197" posZ="0">
        <data name="card">
          <data name="image">
            <data type="image" name="imageIdentifier"></data>
            <data type="image" name="front">./assets/images/trump/h13.gif</data>
            <data type="image" name="back">./assets/images/trump/z02.gif</data>
          </data>
          <data name="common">
            <data name="name">カード</data>
            <data name="size">2</data>
          </data>
          <data name="detail"></data>
        </data>
      </card>
      <card state="0" rotate="0" owner="" zindex="0" location.name="table" location.x="353.8677676621669" location.y="362.18280606963197" posZ="0">
        <data name="card">
          <data name="image">
            <data type="image" name="imageIdentifier"></data>
            <data type="image" name="front">./assets/images/trump/s01.gif</data>
            <data type="image" name="back">./assets/images/trump/z02.gif</data>
          </data>
          <data name="common">
            <data name="name">カード</data>
            <data name="size">2</data>
          </data>
          <data name="detail"></data>
        </data>
      </card>
      <card state="0" rotate="0" owner="" zindex="0" location.name="table" location.x="353.8677676621669" location.y="362.18280606963197" posZ="0">
        <data name="card">
          <data name="image">
            <data type="image" name="imageIdentifier"></data>
            <data type="image" name="front">./assets/images/trump/s02.gif</data>
            <data type="image" name="back">./assets/images/trump/z02.gif</data>
          </data>
          <data name="common">
            <data name="name">カード</data>
            <data name="size">2</data>
          </data>
          <data name="detail"></data>
        </data>
      </card>
      <card state="0" rotate="0" owner="" zindex="0" location.name="table" location.x="353.8677676621669" location.y="362.18280606963197" posZ="0">
        <data name="card">
          <data name="image">
            <data type="image" name="imageIdentifier"></data>
            <data type="image" name="front">./assets/images/trump/s03.gif</data>
            <data type="image" name="back">./assets/images/trump/z02.gif</data>
          </data>
          <data name="common">
            <data name="name">カード</data>
            <data name="size">2</data>
          </data>
          <data name="detail"></data>
        </data>
      </card>
      <card state="0" rotate="0" owner="" zindex="0" location.name="table" location.x="353.8677676621669" location.y="362.18280606963197" posZ="0">
        <data name="card">
          <data name="image">
            <data type="image" name="imageIdentifier"></data>
            <data type="image" name="front">./assets/images/trump/s04.gif</data>
            <data type="image" name="back">./assets/images/trump/z02.gif</data>
          </data>
          <data name="common">
            <data name="name">カード</data>
            <data name="size">2</data>
          </data>
          <data name="detail"></data>
        </data>
      </card>
      <card state="0" rotate="0" owner="" zindex="0" location.name="table" location.x="353.8677676621669" location.y="362.18280606963197" posZ="0">
        <data name="card">
          <data name="image">
            <data type="image" name="imageIdentifier"></data>
            <data type="image" name="front">./assets/images/trump/s05.gif</data>
            <data type="image" name="back">./assets/images/trump/z02.gif</data>
          </data>
          <data name="common">
            <data name="name">カード</data>
            <data name="size">2</data>
          </data>
          <data name="detail"></data>
        </data>
      </card>
      <card state="0" rotate="0" owner="" zindex="0" location.name="table" location.x="353.8677676621669" location.y="362.18280606963197" posZ="0">
        <data name="card">
          <data name="image">
            <data type="image" name="imageIdentifier"></data>
            <data type="image" name="front">./assets/images/trump/s06.gif</data>
            <data type="image" name="back">./assets/images/trump/z02.gif</data>
          </data>
          <data name="common">
            <data name="name">カード</data>
            <data name="size">2</data>
          </data>
          <data name="detail"></data>
        </data>
      </card>
      <card state="0" rotate="0" owner="" zindex="0" location.name="table" location.x="353.8677676621669" location.y="362.18280606963197" posZ="0">
        <data name="card">
          <data name="image">
            <data type="image" name="imageIdentifier"></data>
            <data type="image" name="front">./assets/images/trump/s07.gif</data>
            <data type="image" name="back">./assets/images/trump/z02.gif</data>
          </data>
          <data name="common">
            <data name="name">カード</data>
            <data name="size">2</data>
          </data>
          <data name="detail"></data>
        </data>
      </card>
      <card state="0" rotate="0" owner="" zindex="0" location.name="table" location.x="353.8677676621669" location.y="362.18280606963197" posZ="0">
        <data name="card">
          <data name="image">
            <data type="image" name="imageIdentifier"></data>
            <data type="image" name="front">./assets/images/trump/s08.gif</data>
            <data type="image" name="back">./assets/images/trump/z02.gif</data>
          </data>
          <data name="common">
            <data name="name">カード</data>
            <data name="size">2</data>
          </data>
          <data name="detail"></data>
        </data>
      </card>
      <card state="0" rotate="0" owner="" zindex="0" location.name="table" location.x="353.8677676621669" location.y="362.18280606963197" posZ="0">
        <data name="card">
          <data name="image">
            <data type="image" name="imageIdentifier"></data>
            <data type="image" name="front">./assets/images/trump/s09.gif</data>
            <data type="image" name="back">./assets/images/trump/z02.gif</data>
          </data>
          <data name="common">
            <data name="name">カード</data>
            <data name="size">2</data>
          </data>
          <data name="detail"></data>
        </data>
      </card>
      <card state="0" rotate="0" owner="" zindex="0" location.name="table" location.x="353.8677676621669" location.y="362.18280606963197" posZ="0">
        <data name="card">
          <data name="image">
            <data type="image" name="imageIdentifier"></data>
            <data type="image" name="front">./assets/images/trump/s10.gif</data>
            <data type="image" name="back">./assets/images/trump/z02.gif</data>
          </data>
          <data name="common">
            <data name="name">カード</data>
            <data name="size">2</data>
          </data>
          <data name="detail"></data>
        </data>
      </card>
      <card state="0" rotate="0" owner="" zindex="0" location.name="table" location.x="353.8677676621669" location.y="362.18280606963197" posZ="0">
        <data name="card">
          <data name="image">
            <data type="image" name="imageIdentifier"></data>
            <data type="image" name="front">./assets/images/trump/s11.gif</data>
            <data type="image" name="back">./assets/images/trump/z02.gif</data>
          </data>
          <data name="common">
            <data name="name">カード</data>
            <data name="size">2</data>
          </data>
          <data name="detail"></data>
        </data>
      </card>
      <card state="0" rotate="0" owner="" zindex="0" location.name="table" location.x="353.8677676621669" location.y="362.18280606963197" posZ="0">
        <data name="card">
          <data name="image">
            <data type="image" name="imageIdentifier"></data>
            <data type="image" name="front">./assets/images/trump/s12.gif</data>
            <data type="image" name="back">./assets/images/trump/z02.gif</data>
          </data>
          <data name="common">
            <data name="name">カード</data>
            <data name="size">2</data>
          </data>
          <data name="detail"></data>
        </data>
      </card>
      <card state="0" rotate="0" owner="" zindex="0" location.name="table" location.x="353.8677676621669" location.y="362.18280606963197" posZ="0">
        <data name="card">
          <data name="image">
            <data type="image" name="imageIdentifier"></data>
            <data type="image" name="front">./assets/images/trump/s13.gif</data>
            <data type="image" name="back">./assets/images/trump/z02.gif</data>
          </data>
          <data name="common">
            <data name="name">カード</data>
            <data name="size">2</data>
          </data>
          <data name="detail"></data>
        </data>
      </card>
      <card state="0" rotate="0" owner="" zindex="0" location.name="table" location.x="353.8677676621669" location.y="362.18280606963197" posZ="0">
        <data name="card">
          <data name="image">
            <data type="image" name="imageIdentifier"></data>
            <data type="image" name="front">./assets/images/trump/x01.gif</data>
            <data type="image" name="back">./assets/images/trump/z02.gif</data>
          </data>
          <data name="common">
            <data name="name">カード</data>
            <data name="size">2</data>
          </data>
          <data name="detail"></data>
        </data>
      </card>
      <card state="0" rotate="0" owner="" zindex="0" location.name="table" location.x="353.8677676621669" location.y="362.18280606963197" posZ="0">
        <data name="card">
          <data name="image">
            <data type="image" name="imageIdentifier"></data>
            <data type="image" name="front">./assets/images/trump/x02.gif</data>
            <data type="image" name="back">./assets/images/trump/z02.gif</data>
          </data>
          <data name="common">
            <data name="name">カード</data>
            <data name="size">2</data>
          </data>
          <data name="detail"></data>
        </data>
      </card>
    </node>
  </card-stack>
  <card-stack rotate="-30" zindex="20" owner="" isShowTotal="true" location.name="table" location.x="325" location.y="375" posZ="0">
    <data name="card-stack">
      <data name="image">
        <data type="image" name="imageIdentifier"></data>
      </data>
      <data name="common">
        <data name="name">山札-rotated</data>
      </data>
      <data name="detail"></data>
    </data>
    <node name="cardRoot">
      <card state="0" rotate="0" owner="" zindex="0" location.name="table" location.x="325" location.y="475" posZ="0">
        <data name="card">
          <data name="image">
            <data type="image" name="imageIdentifier"></data>
            <data type="image" name="front">./assets/images/trump/c08.gif</data>
            <data type="image" name="back">./assets/images/trump/z02.gif</data>
          </data>
          <data name="common">
            <data name="name">カード</data>
            <data name="size">2</data>
          </data>
          <data name="detail"></data>
        </data>
      </card>
      <card state="0" rotate="0" owner="" zindex="0" location.name="table" location.x="325" location.y="475" posZ="0">
        <data name="card">
          <data name="image">
            <data type="image" name="imageIdentifier"></data>
            <data type="image" name="front">./assets/images/trump/c07.gif</data>
            <data type="image" name="back">./assets/images/trump/z02.gif</data>
          </data>
          <data name="common">
            <data name="name">カード</data>
            <data name="size">2</data>
          </data>
          <data name="detail"></data>
        </data>
      </card>
    </node>
  </card-stack>
  <card-stack rotate="0" zindex="29" owner="" isShowTotal="true" location.name="table" location.x="300" location.y="575" posZ="0">
    <data name="card-stack">
      <data name="image">
        <data type="image" name="imageIdentifier"></data>
      </data>
      <data name="common">
        <data name="name">山札-逆位置</data>
      </data>
      <data name="detail"></data>
    </data>
    <node name="cardRoot">
      <card state="0" rotate="180" owner="" zindex="0" location.name="table" location.x="300" location.y="550" posZ="0">
        <data name="card">
          <data name="image">
            <data type="image" name="imageIdentifier"></data>
            <data type="image" name="front">./assets/images/trump/c09.gif</data>
            <data type="image" name="back">./assets/images/trump/z02.gif</data>
          </data>
          <data name="common">
            <data name="name">カード</data>
            <data name="size">2</data>
          </data>
          <data name="detail"></data>
        </data>
      </card>
    </node>
  </card-stack>
  <card-stack rotate="0" zindex="24" owner="" isShowTotal="true" location.name="table" location.x="150" location.y="575" posZ="0">
    <data name="card-stack">
      <data name="image">
        <data type="image" name="imageIdentifier"></data>
      </data>
      <data name="common">
        <data name="name">山札-back</data>
      </data>
      <data name="detail"></data>
    </data>
    <node name="cardRoot">
      <card state="1" rotate="0" owner="" zindex="0" location.name="table" location.x="150" location.y="575" posZ="0">
        <data name="card">
          <data name="image">
            <data type="image" name="imageIdentifier"></data>
            <data type="image" name="front">./assets/images/trump/c10.gif</data>
            <data type="image" name="back">./assets/images/trump/z02.gif</data>
          </data>
          <data name="common">
            <data name="name">カード</data>
            <data name="size">2</data>
          </data>
          <data name="detail"></data>
        </data>
      </card>
    </node>
  </card-stack>
  <card-stack rotate="0" zindex="28" owner="" isShowTotal="true" location.name="table" location.x="0" location.y="475" posZ="0">
    <data name="card-stack">
      <data name="image">
        <data type="image" name="imageIdentifier"></data>
      </data>
      <data name="common">
        <data name="name">山札-zero</data>
      </data>
      <data name="detail"></data>
    </data>
    <node name="cardRoot"></node>
  </card-stack>
  <card-stack rotate="0" zindex="0" owner="" isShowTotal="true" location.name="table" location.x="152.05892096413314" location.y="140.6850921653112" posZ="0">
    <data name="card-stack">
      <data name="image">
        <data type="image" name="imageIdentifier"></data>
      </data>
      <data name="common">
        <data name="name">トランプ山札-default</data>
      </data>
      <data name="detail"></data>
    </data>
    <node name="cardRoot">
      <card state="0" rotate="0" owner="" zindex="0" location.name="table" location.x="152.05892096413314" location.y="140.6850921653112" posZ="0">
        <data name="card">
          <data name="image">
            <data type="image" name="imageIdentifier"></data>
            <data type="image" name="front">./assets/images/trump/c01.gif</data>
            <data type="image" name="back">./assets/images/trump/z02.gif</data>
          </data>
          <data name="common">
            <data name="name">カード</data>
            <data name="size">2</data>
          </data>
          <data name="detail"></data>
        </data>
      </card>
      <card state="0" rotate="0" owner="" zindex="0" location.name="table" location.x="152.05892096413314" location.y="140.6850921653112" posZ="0">
        <data name="card">
          <data name="image">
            <data type="image" name="imageIdentifier"></data>
            <data type="image" name="front">./assets/images/trump/c02.gif</data>
            <data type="image" name="back">./assets/images/trump/z02.gif</data>
          </data>
          <data name="common">
            <data name="name">カード</data>
            <data name="size">2</data>
          </data>
          <data name="detail"></data>
        </data>
      </card>
      <card state="0" rotate="0" owner="" zindex="0" location.name="table" location.x="152.05892096413314" location.y="140.6850921653112" posZ="0">
        <data name="card">
          <data name="image">
            <data type="image" name="imageIdentifier"></data>
            <data type="image" name="front">./assets/images/trump/c03.gif</data>
            <data type="image" name="back">./assets/images/trump/z02.gif</data>
          </data>
          <data name="common">
            <data name="name">カード</data>
            <data name="size">2</data>
          </data>
          <data name="detail"></data>
        </data>
      </card>
      <card state="0" rotate="0" owner="" zindex="0" location.name="table" location.x="152.05892096413314" location.y="140.6850921653112" posZ="0">
        <data name="card">
          <data name="image">
            <data type="image" name="imageIdentifier"></data>
            <data type="image" name="front">./assets/images/trump/c04.gif</data>
            <data type="image" name="back">./assets/images/trump/z02.gif</data>
          </data>
          <data name="common">
            <data name="name">カード</data>
            <data name="size">2</data>
          </data>
          <data name="detail"></data>
        </data>
      </card>
      <card state="0" rotate="0" owner="" zindex="0" location.name="table" location.x="152.05892096413314" location.y="140.6850921653112" posZ="0">
        <data name="card">
          <data name="image">
            <data type="image" name="imageIdentifier"></data>
            <data type="image" name="front">./assets/images/trump/c05.gif</data>
            <data type="image" name="back">./assets/images/trump/z02.gif</data>
          </data>
          <data name="common">
            <data name="name">カード</data>
            <data name="size">2</data>
          </data>
          <data name="detail"></data>
        </data>
      </card>
      <card state="0" rotate="0" owner="" zindex="0" location.name="table" location.x="152.05892096413314" location.y="140.6850921653112" posZ="0">
        <data name="card">
          <data name="image">
            <data type="image" name="imageIdentifier"></data>
            <data type="image" name="front">./assets/images/trump/c06.gif</data>
            <data type="image" name="back">./assets/images/trump/z02.gif</data>
          </data>
          <data name="common">
            <data name="name">カード</data>
            <data name="size">2</data>
          </data>
          <data name="detail"></data>
        </data>
      </card>
      <card state="0" rotate="0" owner="" zindex="0" location.name="table" location.x="152.05892096413314" location.y="140.6850921653112" posZ="0">
        <data name="card">
          <data name="image">
            <data type="image" name="imageIdentifier"></data>
            <data type="image" name="front">./assets/images/trump/c07.gif</data>
            <data type="image" name="back">./assets/images/trump/z02.gif</data>
          </data>
          <data name="common">
            <data name="name">カード</data>
            <data name="size">2</data>
          </data>
          <data name="detail"></data>
        </data>
      </card>
      <card state="0" rotate="0" owner="" zindex="0" location.name="table" location.x="152.05892096413314" location.y="140.6850921653112" posZ="0">
        <data name="card">
          <data name="image">
            <data type="image" name="imageIdentifier"></data>
            <data type="image" name="front">./assets/images/trump/c08.gif</data>
            <data type="image" name="back">./assets/images/trump/z02.gif</data>
          </data>
          <data name="common">
            <data name="name">カード</data>
            <data name="size">2</data>
          </data>
          <data name="detail"></data>
        </data>
      </card>
      <card state="0" rotate="0" owner="" zindex="0" location.name="table" location.x="152.05892096413314" location.y="140.6850921653112" posZ="0">
        <data name="card">
          <data name="image">
            <data type="image" name="imageIdentifier"></data>
            <data type="image" name="front">./assets/images/trump/c09.gif</data>
            <data type="image" name="back">./assets/images/trump/z02.gif</data>
          </data>
          <data name="common">
            <data name="name">カード</data>
            <data name="size">2</data>
          </data>
          <data name="detail"></data>
        </data>
      </card>
      <card state="0" rotate="0" owner="" zindex="0" location.name="table" location.x="152.05892096413314" location.y="140.6850921653112" posZ="0">
        <data name="card">
          <data name="image">
            <data type="image" name="imageIdentifier"></data>
            <data type="image" name="front">./assets/images/trump/c10.gif</data>
            <data type="image" name="back">./assets/images/trump/z02.gif</data>
          </data>
          <data name="common">
            <data name="name">カード</data>
            <data name="size">2</data>
          </data>
          <data name="detail"></data>
        </data>
      </card>
      <card state="0" rotate="0" owner="" zindex="0" location.name="table" location.x="152.05892096413314" location.y="140.6850921653112" posZ="0">
        <data name="card">
          <data name="image">
            <data type="image" name="imageIdentifier"></data>
            <data type="image" name="front">./assets/images/trump/c11.gif</data>
            <data type="image" name="back">./assets/images/trump/z02.gif</data>
          </data>
          <data name="common">
            <data name="name">カード</data>
            <data name="size">2</data>
          </data>
          <data name="detail"></data>
        </data>
      </card>
      <card state="0" rotate="0" owner="" zindex="0" location.name="table" location.x="152.05892096413314" location.y="140.6850921653112" posZ="0">
        <data name="card">
          <data name="image">
            <data type="image" name="imageIdentifier"></data>
            <data type="image" name="front">./assets/images/trump/c12.gif</data>
            <data type="image" name="back">./assets/images/trump/z02.gif</data>
          </data>
          <data name="common">
            <data name="name">カード</data>
            <data name="size">2</data>
          </data>
          <data name="detail"></data>
        </data>
      </card>
      <card state="0" rotate="0" owner="" zindex="0" location.name="table" location.x="152.05892096413314" location.y="140.6850921653112" posZ="0">
        <data name="card">
          <data name="image">
            <data type="image" name="imageIdentifier"></data>
            <data type="image" name="front">./assets/images/trump/c13.gif</data>
            <data type="image" name="back">./assets/images/trump/z02.gif</data>
          </data>
          <data name="common">
            <data name="name">カード</data>
            <data name="size">2</data>
          </data>
          <data name="detail"></data>
        </data>
      </card>
      <card state="0" rotate="0" owner="" zindex="0" location.name="table" location.x="152.05892096413314" location.y="140.6850921653112" posZ="0">
        <data name="card">
          <data name="image">
            <data type="image" name="imageIdentifier"></data>
            <data type="image" name="front">./assets/images/trump/d01.gif</data>
            <data type="image" name="back">./assets/images/trump/z02.gif</data>
          </data>
          <data name="common">
            <data name="name">カード</data>
            <data name="size">2</data>
          </data>
          <data name="detail"></data>
        </data>
      </card>
      <card state="0" rotate="0" owner="" zindex="0" location.name="table" location.x="152.05892096413314" location.y="140.6850921653112" posZ="0">
        <data name="card">
          <data name="image">
            <data type="image" name="imageIdentifier"></data>
            <data type="image" name="front">./assets/images/trump/d02.gif</data>
            <data type="image" name="back">./assets/images/trump/z02.gif</data>
          </data>
          <data name="common">
            <data name="name">カード</data>
            <data name="size">2</data>
          </data>
          <data name="detail"></data>
        </data>
      </card>
      <card state="0" rotate="0" owner="" zindex="0" location.name="table" location.x="152.05892096413314" location.y="140.6850921653112" posZ="0">
        <data name="card">
          <data name="image">
            <data type="image" name="imageIdentifier"></data>
            <data type="image" name="front">./assets/images/trump/d03.gif</data>
            <data type="image" name="back">./assets/images/trump/z02.gif</data>
          </data>
          <data name="common">
            <data name="name">カード</data>
            <data name="size">2</data>
          </data>
          <data name="detail"></data>
        </data>
      </card>
      <card state="0" rotate="0" owner="" zindex="0" location.name="table" location.x="152.05892096413314" location.y="140.6850921653112" posZ="0">
        <data name="card">
          <data name="image">
            <data type="image" name="imageIdentifier"></data>
            <data type="image" name="front">./assets/images/trump/d04.gif</data>
            <data type="image" name="back">./assets/images/trump/z02.gif</data>
          </data>
          <data name="common">
            <data name="name">カード</data>
            <data name="size">2</data>
          </data>
          <data name="detail"></data>
        </data>
      </card>
      <card state="0" rotate="0" owner="" zindex="0" location.name="table" location.x="152.05892096413314" location.y="140.6850921653112" posZ="0">
        <data name="card">
          <data name="image">
            <data type="image" name="imageIdentifier"></data>
            <data type="image" name="front">./assets/images/trump/d05.gif</data>
            <data type="image" name="back">./assets/images/trump/z02.gif</data>
          </data>
          <data name="common">
            <data name="name">カード</data>
            <data name="size">2</data>
          </data>
          <data name="detail"></data>
        </data>
      </card>
      <card state="0" rotate="0" owner="" zindex="0" location.name="table" location.x="152.05892096413314" location.y="140.6850921653112" posZ="0">
        <data name="card">
          <data name="image">
            <data type="image" name="imageIdentifier"></data>
            <data type="image" name="front">./assets/images/trump/d06.gif</data>
            <data type="image" name="back">./assets/images/trump/z02.gif</data>
          </data>
          <data name="common">
            <data name="name">カード</data>
            <data name="size">2</data>
          </data>
          <data name="detail"></data>
        </data>
      </card>
      <card state="0" rotate="0" owner="" zindex="0" location.name="table" location.x="152.05892096413314" location.y="140.6850921653112" posZ="0">
        <data name="card">
          <data name="image">
            <data type="image" name="imageIdentifier"></data>
            <data type="image" name="front">./assets/images/trump/d07.gif</data>
            <data type="image" name="back">./assets/images/trump/z02.gif</data>
          </data>
          <data name="common">
            <data name="name">カード</data>
            <data name="size">2</data>
          </data>
          <data name="detail"></data>
        </data>
      </card>
      <card state="0" rotate="0" owner="" zindex="0" location.name="table" location.x="152.05892096413314" location.y="140.6850921653112" posZ="0">
        <data name="card">
          <data name="image">
            <data type="image" name="imageIdentifier"></data>
            <data type="image" name="front">./assets/images/trump/d08.gif</data>
            <data type="image" name="back">./assets/images/trump/z02.gif</data>
          </data>
          <data name="common">
            <data name="name">カード</data>
            <data name="size">2</data>
          </data>
          <data name="detail"></data>
        </data>
      </card>
      <card state="0" rotate="0" owner="" zindex="0" location.name="table" location.x="152.05892096413314" location.y="140.6850921653112" posZ="0">
        <data name="card">
          <data name="image">
            <data type="image" name="imageIdentifier"></data>
            <data type="image" name="front">./assets/images/trump/d09.gif</data>
            <data type="image" name="back">./assets/images/trump/z02.gif</data>
          </data>
          <data name="common">
            <data name="name">カード</data>
            <data name="size">2</data>
          </data>
          <data name="detail"></data>
        </data>
      </card>
      <card state="0" rotate="0" owner="" zindex="0" location.name="table" location.x="152.05892096413314" location.y="140.6850921653112" posZ="0">
        <data name="card">
          <data name="image">
            <data type="image" name="imageIdentifier"></data>
            <data type="image" name="front">./assets/images/trump/d10.gif</data>
            <data type="image" name="back">./assets/images/trump/z02.gif</data>
          </data>
          <data name="common">
            <data name="name">カード</data>
            <data name="size">2</data>
          </data>
          <data name="detail"></data>
        </data>
      </card>
      <card state="0" rotate="0" owner="" zindex="0" location.name="table" location.x="152.05892096413314" location.y="140.6850921653112" posZ="0">
        <data name="card">
          <data name="image">
            <data type="image" name="imageIdentifier"></data>
            <data type="image" name="front">./assets/images/trump/d11.gif</data>
            <data type="image" name="back">./assets/images/trump/z02.gif</data>
          </data>
          <data name="common">
            <data name="name">カード</data>
            <data name="size">2</data>
          </data>
          <data name="detail"></data>
        </data>
      </card>
      <card state="0" rotate="0" owner="" zindex="0" location.name="table" location.x="152.05892096413314" location.y="140.6850921653112" posZ="0">
        <data name="card">
          <data name="image">
            <data type="image" name="imageIdentifier"></data>
            <data type="image" name="front">./assets/images/trump/d12.gif</data>
            <data type="image" name="back">./assets/images/trump/z02.gif</data>
          </data>
          <data name="common">
            <data name="name">カード</data>
            <data name="size">2</data>
          </data>
          <data name="detail"></data>
        </data>
      </card>
      <card state="0" rotate="0" owner="" zindex="0" location.name="table" location.x="152.05892096413314" location.y="140.6850921653112" posZ="0">
        <data name="card">
          <data name="image">
            <data type="image" name="imageIdentifier"></data>
            <data type="image" name="front">./assets/images/trump/d13.gif</data>
            <data type="image" name="back">./assets/images/trump/z02.gif</data>
          </data>
          <data name="common">
            <data name="name">カード</data>
            <data name="size">2</data>
          </data>
          <data name="detail"></data>
        </data>
      </card>
      <card state="0" rotate="0" owner="" zindex="0" location.name="table" location.x="152.05892096413314" location.y="140.6850921653112" posZ="0">
        <data name="card">
          <data name="image">
            <data type="image" name="imageIdentifier"></data>
            <data type="image" name="front">./assets/images/trump/h01.gif</data>
            <data type="image" name="back">./assets/images/trump/z02.gif</data>
          </data>
          <data name="common">
            <data name="name">カード</data>
            <data name="size">2</data>
          </data>
          <data name="detail"></data>
        </data>
      </card>
      <card state="0" rotate="0" owner="" zindex="0" location.name="table" location.x="152.05892096413314" location.y="140.6850921653112" posZ="0">
        <data name="card">
          <data name="image">
            <data type="image" name="imageIdentifier"></data>
            <data type="image" name="front">./assets/images/trump/h02.gif</data>
            <data type="image" name="back">./assets/images/trump/z02.gif</data>
          </data>
          <data name="common">
            <data name="name">カード</data>
            <data name="size">2</data>
          </data>
          <data name="detail"></data>
        </data>
      </card>
      <card state="0" rotate="0" owner="" zindex="0" location.name="table" location.x="152.05892096413314" location.y="140.6850921653112" posZ="0">
        <data name="card">
          <data name="image">
            <data type="image" name="imageIdentifier"></data>
            <data type="image" name="front">./assets/images/trump/h03.gif</data>
            <data type="image" name="back">./assets/images/trump/z02.gif</data>
          </data>
          <data name="common">
            <data name="name">カード</data>
            <data name="size">2</data>
          </data>
          <data name="detail"></data>
        </data>
      </card>
      <card state="0" rotate="0" owner="" zindex="0" location.name="table" location.x="152.05892096413314" location.y="140.6850921653112" posZ="0">
        <data name="card">
          <data name="image">
            <data type="image" name="imageIdentifier"></data>
            <data type="image" name="front">./assets/images/trump/h04.gif</data>
            <data type="image" name="back">./assets/images/trump/z02.gif</data>
          </data>
          <data name="common">
            <data name="name">カード</data>
            <data name="size">2</data>
          </data>
          <data name="detail"></data>
        </data>
      </card>
      <card state="0" rotate="0" owner="" zindex="0" location.name="table" location.x="152.05892096413314" location.y="140.6850921653112" posZ="0">
        <data name="card">
          <data name="image">
            <data type="image" name="imageIdentifier"></data>
            <data type="image" name="front">./assets/images/trump/h05.gif</data>
            <data type="image" name="back">./assets/images/trump/z02.gif</data>
          </data>
          <data name="common">
            <data name="name">カード</data>
            <data name="size">2</data>
          </data>
          <data name="detail"></data>
        </data>
      </card>
      <card state="0" rotate="0" owner="" zindex="0" location.name="table" location.x="152.05892096413314" location.y="140.6850921653112" posZ="0">
        <data name="card">
          <data name="image">
            <data type="image" name="imageIdentifier"></data>
            <data type="image" name="front">./assets/images/trump/h06.gif</data>
            <data type="image" name="back">./assets/images/trump/z02.gif</data>
          </data>
          <data name="common">
            <data name="name">カード</data>
            <data name="size">2</data>
          </data>
          <data name="detail"></data>
        </data>
      </card>
      <card state="0" rotate="0" owner="" zindex="0" location.name="table" location.x="152.05892096413314" location.y="140.6850921653112" posZ="0">
        <data name="card">
          <data name="image">
            <data type="image" name="imageIdentifier"></data>
            <data type="image" name="front">./assets/images/trump/h07.gif</data>
            <data type="image" name="back">./assets/images/trump/z02.gif</data>
          </data>
          <data name="common">
            <data name="name">カード</data>
            <data name="size">2</data>
          </data>
          <data name="detail"></data>
        </data>
      </card>
      <card state="0" rotate="0" owner="" zindex="0" location.name="table" location.x="152.05892096413314" location.y="140.6850921653112" posZ="0">
        <data name="card">
          <data name="image">
            <data type="image" name="imageIdentifier"></data>
            <data type="image" name="front">./assets/images/trump/h08.gif</data>
            <data type="image" name="back">./assets/images/trump/z02.gif</data>
          </data>
          <data name="common">
            <data name="name">カード</data>
            <data name="size">2</data>
          </data>
          <data name="detail"></data>
        </data>
      </card>
      <card state="0" rotate="0" owner="" zindex="0" location.name="table" location.x="152.05892096413314" location.y="140.6850921653112" posZ="0">
        <data name="card">
          <data name="image">
            <data type="image" name="imageIdentifier"></data>
            <data type="image" name="front">./assets/images/trump/h09.gif</data>
            <data type="image" name="back">./assets/images/trump/z02.gif</data>
          </data>
          <data name="common">
            <data name="name">カード</data>
            <data name="size">2</data>
          </data>
          <data name="detail"></data>
        </data>
      </card>
      <card state="0" rotate="0" owner="" zindex="0" location.name="table" location.x="152.05892096413314" location.y="140.6850921653112" posZ="0">
        <data name="card">
          <data name="image">
            <data type="image" name="imageIdentifier"></data>
            <data type="image" name="front">./assets/images/trump/h10.gif</data>
            <data type="image" name="back">./assets/images/trump/z02.gif</data>
          </data>
          <data name="common">
            <data name="name">カード</data>
            <data name="size">2</data>
          </data>
          <data name="detail"></data>
        </data>
      </card>
      <card state="0" rotate="0" owner="" zindex="0" location.name="table" location.x="152.05892096413314" location.y="140.6850921653112" posZ="0">
        <data name="card">
          <data name="image">
            <data type="image" name="imageIdentifier"></data>
            <data type="image" name="front">./assets/images/trump/h11.gif</data>
            <data type="image" name="back">./assets/images/trump/z02.gif</data>
          </data>
          <data name="common">
            <data name="name">カード</data>
            <data name="size">2</data>
          </data>
          <data name="detail"></data>
        </data>
      </card>
      <card state="0" rotate="0" owner="" zindex="0" location.name="table" location.x="152.05892096413314" location.y="140.6850921653112" posZ="0">
        <data name="card">
          <data name="image">
            <data type="image" name="imageIdentifier"></data>
            <data type="image" name="front">./assets/images/trump/h12.gif</data>
            <data type="image" name="back">./assets/images/trump/z02.gif</data>
          </data>
          <data name="common">
            <data name="name">カード</data>
            <data name="size">2</data>
          </data>
          <data name="detail"></data>
        </data>
      </card>
      <card state="0" rotate="0" owner="" zindex="0" location.name="table" location.x="152.05892096413314" location.y="140.6850921653112" posZ="0">
        <data name="card">
          <data name="image">
            <data type="image" name="imageIdentifier"></data>
            <data type="image" name="front">./assets/images/trump/h13.gif</data>
            <data type="image" name="back">./assets/images/trump/z02.gif</data>
          </data>
          <data name="common">
            <data name="name">カード</data>
            <data name="size">2</data>
          </data>
          <data name="detail"></data>
        </data>
      </card>
      <card state="0" rotate="0" owner="" zindex="0" location.name="table" location.x="152.05892096413314" location.y="140.6850921653112" posZ="0">
        <data name="card">
          <data name="image">
            <data type="image" name="imageIdentifier"></data>
            <data type="image" name="front">./assets/images/trump/s01.gif</data>
            <data type="image" name="back">./assets/images/trump/z02.gif</data>
          </data>
          <data name="common">
            <data name="name">カード</data>
            <data name="size">2</data>
          </data>
          <data name="detail"></data>
        </data>
      </card>
      <card state="0" rotate="0" owner="" zindex="0" location.name="table" location.x="152.05892096413314" location.y="140.6850921653112" posZ="0">
        <data name="card">
          <data name="image">
            <data type="image" name="imageIdentifier"></data>
            <data type="image" name="front">./assets/images/trump/s02.gif</data>
            <data type="image" name="back">./assets/images/trump/z02.gif</data>
          </data>
          <data name="common">
            <data name="name">カード</data>
            <data name="size">2</data>
          </data>
          <data name="detail"></data>
        </data>
      </card>
      <card state="0" rotate="0" owner="" zindex="0" location.name="table" location.x="152.05892096413314" location.y="140.6850921653112" posZ="0">
        <data name="card">
          <data name="image">
            <data type="image" name="imageIdentifier"></data>
            <data type="image" name="front">./assets/images/trump/s03.gif</data>
            <data type="image" name="back">./assets/images/trump/z02.gif</data>
          </data>
          <data name="common">
            <data name="name">カード</data>
            <data name="size">2</data>
          </data>
          <data name="detail"></data>
        </data>
      </card>
      <card state="0" rotate="0" owner="" zindex="0" location.name="table" location.x="152.05892096413314" location.y="140.6850921653112" posZ="0">
        <data name="card">
          <data name="image">
            <data type="image" name="imageIdentifier"></data>
            <data type="image" name="front">./assets/images/trump/s04.gif</data>
            <data type="image" name="back">./assets/images/trump/z02.gif</data>
          </data>
          <data name="common">
            <data name="name">カード</data>
            <data name="size">2</data>
          </data>
          <data name="detail"></data>
        </data>
      </card>
      <card state="0" rotate="0" owner="" zindex="0" location.name="table" location.x="152.05892096413314" location.y="140.6850921653112" posZ="0">
        <data name="card">
          <data name="image">
            <data type="image" name="imageIdentifier"></data>
            <data type="image" name="front">./assets/images/trump/s05.gif</data>
            <data type="image" name="back">./assets/images/trump/z02.gif</data>
          </data>
          <data name="common">
            <data name="name">カード</data>
            <data name="size">2</data>
          </data>
          <data name="detail"></data>
        </data>
      </card>
      <card state="0" rotate="0" owner="" zindex="0" location.name="table" location.x="152.05892096413314" location.y="140.6850921653112" posZ="0">
        <data name="card">
          <data name="image">
            <data type="image" name="imageIdentifier"></data>
            <data type="image" name="front">./assets/images/trump/s06.gif</data>
            <data type="image" name="back">./assets/images/trump/z02.gif</data>
          </data>
          <data name="common">
            <data name="name">カード</data>
            <data name="size">2</data>
          </data>
          <data name="detail"></data>
        </data>
      </card>
      <card state="0" rotate="0" owner="" zindex="0" location.name="table" location.x="152.05892096413314" location.y="140.6850921653112" posZ="0">
        <data name="card">
          <data name="image">
            <data type="image" name="imageIdentifier"></data>
            <data type="image" name="front">./assets/images/trump/s07.gif</data>
            <data type="image" name="back">./assets/images/trump/z02.gif</data>
          </data>
          <data name="common">
            <data name="name">カード</data>
            <data name="size">2</data>
          </data>
          <data name="detail"></data>
        </data>
      </card>
      <card state="0" rotate="0" owner="" zindex="0" location.name="table" location.x="152.05892096413314" location.y="140.6850921653112" posZ="0">
        <data name="card">
          <data name="image">
            <data type="image" name="imageIdentifier"></data>
            <data type="image" name="front">./assets/images/trump/s08.gif</data>
            <data type="image" name="back">./assets/images/trump/z02.gif</data>
          </data>
          <data name="common">
            <data name="name">カード</data>
            <data name="size">2</data>
          </data>
          <data name="detail"></data>
        </data>
      </card>
      <card state="0" rotate="0" owner="" zindex="0" location.name="table" location.x="152.05892096413314" location.y="140.6850921653112" posZ="0">
        <data name="card">
          <data name="image">
            <data type="image" name="imageIdentifier"></data>
            <data type="image" name="front">./assets/images/trump/s09.gif</data>
            <data type="image" name="back">./assets/images/trump/z02.gif</data>
          </data>
          <data name="common">
            <data name="name">カード</data>
            <data name="size">2</data>
          </data>
          <data name="detail"></data>
        </data>
      </card>
      <card state="0" rotate="0" owner="" zindex="0" location.name="table" location.x="152.05892096413314" location.y="140.6850921653112" posZ="0">
        <data name="card">
          <data name="image">
            <data type="image" name="imageIdentifier"></data>
            <data type="image" name="front">./assets/images/trump/s10.gif</data>
            <data type="image" name="back">./assets/images/trump/z02.gif</data>
          </data>
          <data name="common">
            <data name="name">カード</data>
            <data name="size">2</data>
          </data>
          <data name="detail"></data>
        </data>
      </card>
      <card state="0" rotate="0" owner="" zindex="0" location.name="table" location.x="152.05892096413314" location.y="140.6850921653112" posZ="0">
        <data name="card">
          <data name="image">
            <data type="image" name="imageIdentifier"></data>
            <data type="image" name="front">./assets/images/trump/s11.gif</data>
            <data type="image" name="back">./assets/images/trump/z02.gif</data>
          </data>
          <data name="common">
            <data name="name">カード</data>
            <data name="size">2</data>
          </data>
          <data name="detail"></data>
        </data>
      </card>
      <card state="0" rotate="0" owner="" zindex="0" location.name="table" location.x="152.05892096413314" location.y="140.6850921653112" posZ="0">
        <data name="card">
          <data name="image">
            <data type="image" name="imageIdentifier"></data>
            <data type="image" name="front">./assets/images/trump/s12.gif</data>
            <data type="image" name="back">./assets/images/trump/z02.gif</data>
          </data>
          <data name="common">
            <data name="name">カード</data>
            <data name="size">2</data>
          </data>
          <data name="detail"></data>
        </data>
      </card>
      <card state="0" rotate="0" owner="" zindex="0" location.name="table" location.x="152.05892096413314" location.y="140.6850921653112" posZ="0">
        <data name="card">
          <data name="image">
            <data type="image" name="imageIdentifier"></data>
            <data type="image" name="front">./assets/images/trump/s13.gif</data>
            <data type="image" name="back">./assets/images/trump/z02.gif</data>
          </data>
          <data name="common">
            <data name="name">カード</data>
            <data name="size">2</data>
          </data>
          <data name="detail"></data>
        </data>
      </card>
      <card state="0" rotate="0" owner="" zindex="0" location.name="table" location.x="152.05892096413314" location.y="140.6850921653112" posZ="0">
        <data name="card">
          <data name="image">
            <data type="image" name="imageIdentifier"></data>
            <data type="image" name="front">./assets/images/trump/x01.gif</data>
            <data type="image" name="back">./assets/images/trump/z02.gif</data>
          </data>
          <data name="common">
            <data name="name">カード</data>
            <data name="size">2</data>
          </data>
          <data name="detail"></data>
        </data>
      </card>
      <card state="0" rotate="0" owner="" zindex="0" location.name="table" location.x="152.05892096413314" location.y="140.6850921653112" posZ="0">
        <data name="card">
          <data name="image">
            <data type="image" name="imageIdentifier"></data>
            <data type="image" name="front">./assets/images/trump/x02.gif</data>
            <data type="image" name="back">./assets/images/trump/z02.gif</data>
          </data>
          <data name="common">
            <data name="name">カード</data>
            <data name="size">2</data>
          </data>
          <data name="detail"></data>
        </data>
      </card>
    </node>
  </card-stack>
  <card state="0" rotate="0" owner="" zindex="1" location.name="table" location.x="475" location.y="175" posZ="0">
    <data name="card">
      <data name="image">
        <data type="image" name="imageIdentifier"></data>
        <data type="image" name="front">./assets/images/trump/c01.gif</data>
        <data type="image" name="back">./assets/images/trump/z02.gif</data>
      </data>
      <data name="common">
        <data name="name">カード-default</data>
        <data name="size">2</data>
      </data>
      <data name="detail"></data>
    </data>
  </card>
  <card state="1" rotate="0" owner="" zindex="3" location.name="table" location.x="600" location.y="175" posZ="0">
    <data name="card">
      <data name="image">
        <data type="image" name="imageIdentifier"></data>
        <data type="image" name="front">./assets/images/trump/c02.gif</data>
        <data type="image" name="back">./assets/images/trump/z02.gif</data>
      </data>
      <data name="common">
        <data name="name">カード-back</data>
        <data name="size">2</data>
      </data>
      <data name="detail"></data>
    </data>
  </card>
  <card state="1" rotate="0" owner="CQa9seSR" zindex="8" location.name="table" location.x="725" location.y="175" posZ="0">
    <data name="card">
      <data name="image">
        <data type="image" name="imageIdentifier"></data>
        <data type="image" name="front">./assets/images/trump/c03.gif</data>
        <data type="image" name="back">./assets/images/trump/z02.gif</data>
      </data>
      <data name="common">
        <data name="name">カード-self-only</data>
        <data name="size">2</data>
      </data>
      <data name="detail"></data>
    </data>
  </card>
  <card state="0" rotate="-30" owner="" zindex="11" location.name="table" location.x="0" location.y="0" posZ="0">
    <data name="card">
      <data name="image">
        <data type="image" name="imageIdentifier"></data>
        <data type="image" name="front">./assets/images/trump/c04.gif</data>
        <data type="image" name="back">./assets/images/trump/z02.gif</data>
      </data>
      <data name="common">
        <data name="name">カード-rotated</data>
        <data name="size">2</data>
      </data>
      <data name="detail"></data>
    </data>
  </card>
  <card state="0" rotate="0" owner="" zindex="34" location.name="table" location.x="475" location.y="375" posZ="0">
    <data name="card">
      <data name="image">
        <data type="image" name="imageIdentifier"></data>
        <data type="image" name="front">none_icon</data>
        <data type="image" name="back">./assets/images/trump/z02.gif</data>
      </data>
      <data name="common">
        <data name="name">カード-frontImage</data>
        <data name="size">2</data>
      </data>
      <data name="detail"></data>
    </data>
  </card>
  <card state="1" rotate="0" owner="" zindex="35" location.name="table" location.x="600" location.y="375" posZ="0">
    <data name="card">
      <data name="image">
        <data type="image" name="imageIdentifier"></data>
        <data type="image" name="front">./assets/images/trump/c06.gif</data>
        <data type="image" name="back">testCharacter_1_image</data>
      </data>
      <data name="common">
        <data name="name">カード-backImage</data>
        <data name="size">2</data>
      </data>
      <data name="detail"></data>
    </data>
  </card>
  <card state="1" rotate="-30" owner="" zindex="33" location.name="table" location.x="900" location.y="0" posZ="0">
    <data name="card">
      <data name="image">
        <data type="image" name="imageIdentifier"></data>
        <data type="image" name="front">./assets/images/trump/c11.gif</data>
        <data type="image" name="back">./assets/images/trump/z02.gif</data>
      </data>
      <data name="common">
        <data name="name">カード-back-rotated</data>
        <data name="size">2</data>
      </data>
      <data name="detail"></data>
    </data>
  </card>
</room>