<?xml version="1.0" encoding="UTF-8"?>
<room>
  <game-table name="最初のテーブル" width="20" height="15" gridSize="50" imageIdentifier="testTableBackgroundImage_image" backgroundImageIdentifier="imageIdentifier" backgroundFilterType="" selected="true" gridType="0" gridColor="#000000e6"></game-table>
  <dice-symbol face="1" owner="" rotate="0" location.name="table" location.x="50" location.y="50" posZ="0">
    <data name="dice-symbol">
      <data name="image">
        <data type="image" name="1">./assets/images/dice/4_dice/4_dice[1].png</data>
        <data type="image" name="2">./assets/images/dice/4_dice/4_dice[2].png</data>
        <data type="image" name="3">./assets/images/dice/4_dice/4_dice[3].png</data>
        <data type="image" name="4">./assets/images/dice/4_dice/4_dice[4].png</data>
      </data>
      <data name="common">
        <data name="name">D4</data>
        <data name="size">1</data>
      </data>
      <data name="detail"></data>
    </data>
  </dice-symbol>
  <dice-symbol face="1" owner="" rotate="0" location.name="table" location.x="150" location.y="50" posZ="0">
    <data name="dice-symbol">
      <data name="image">
        <data type="image" name="1">./assets/images/dice/6_dice/6_dice[1].png</data>
        <data type="image" name="2">./assets/images/dice/6_dice/6_dice[2].png</data>
        <data type="image" name="3">./assets/images/dice/6_dice/6_dice[3].png</data>
        <data type="image" name="4">./assets/images/dice/6_dice/6_dice[4].png</data>
        <data type="image" name="5">./assets/images/dice/6_dice/6_dice[5].png</data>
        <data type="image" name="6">./assets/images/dice/6_dice/6_dice[6].png</data>
      </data>
      <data name="common">
        <data name="name">D6</data>
        <data name="size">1</data>
      </data>
      <data name="detail"></data>
    </data>
  </dice-symbol>
  <dice-symbol face="1" owner="" rotate="0" location.name="table" location.x="250" location.y="50" posZ="0">
    <data name="dice-symbol">
      <data name="image">
        <data type="image" name="1">./assets/images/dice/8_dice/8_dice[1].png</data>
        <data type="image" name="2">./assets/images/dice/8_dice/8_dice[2].png</data>
        <data type="image" name="3">./assets/images/dice/8_dice/8_dice[3].png</data>
        <data type="image" name="4">./assets/images/dice/8_dice/8_dice[4].png</data>
        <data type="image" name="5">./assets/images/dice/8_dice/8_dice[5].png</data>
        <data type="image" name="6">./assets/images/dice/8_dice/8_dice[6].png</data>
        <data type="image" name="7">./assets/images/dice/8_dice/8_dice[7].png</data>
        <data type="image" name="8">./assets/images/dice/8_dice/8_dice[8].png</data>
      </data>
      <data name="common">
        <data name="name">D8</data>
        <data name="size">1</data>
      </data>
      <data name="detail"></data>
    </data>
  </dice-symbol>
  <dice-symbol face="1" owner="" rotate="0" location.name="table" location.x="350" location.y="50" posZ="0">
    <data name="dice-symbol">
      <data name="image">
        <data type="image" name="1">./assets/images/dice/10_dice/10_dice[1].png</data>
        <data type="image" name="2">./assets/images/dice/10_dice/10_dice[2].png</data>
        <data type="image" name="3">./assets/images/dice/10_dice/10_dice[3].png</data>
        <data type="image" name="4">./assets/images/dice/10_dice/10_dice[4].png</data>
        <data type="image" name="5">./assets/images/dice/10_dice/10_dice[5].png</data>
        <data type="image" name="6">./assets/images/dice/10_dice/10_dice[6].png</data>
        <data type="image" name="7">./assets/images/dice/10_dice/10_dice[7].png</data>
        <data type="image" name="8">./assets/images/dice/10_dice/10_dice[8].png</data>
        <data type="image" name="9">./assets/images/dice/10_dice/10_dice[9].png</data>
        <data type="image" name="10">./assets/images/dice/10_dice/10_dice[10].png</data>
      </data>
      <data name="common">
        <data name="name">D10</data>
        <data name="size">1</data>
      </data>
      <data name="detail"></data>
    </data>
  </dice-symbol>
  <dice-symbol face="10" owner="" rotate="0" location.name="table" location.x="450" location.y="50" posZ="0">
    <data name="dice-symbol">
      <data name="image">
        <data type="image" name="10">./assets/images/dice/100_dice/100_dice[10].png</data>
        <data type="image" name="20">./assets/images/dice/100_dice/100_dice[20].png</data>
        <data type="image" name="30">./assets/images/dice/100_dice/100_dice[30].png</data>
        <data type="image" name="40">./assets/images/dice/100_dice/100_dice[40].png</data>
        <data type="image" name="50">./assets/images/dice/100_dice/100_dice[50].png</data>
        <data type="image" name="60">./assets/images/dice/100_dice/100_dice[60].png</data>
        <data type="image" name="70">./assets/images/dice/100_dice/100_dice[70].png</data>
        <data type="image" name="80">./assets/images/dice/100_dice/100_dice[80].png</data>
        <data type="image" name="90">./assets/images/dice/100_dice/100_dice[90].png</data>
        <data type="image" name="100">./assets/images/dice/100_dice/100_dice[100].png</data>
      </data>
      <data name="common">
        <data name="name">D10</data>
        <data name="size">1</data>
      </data>
      <data name="detail"></data>
    </data>
  </dice-symbol>
  <dice-symbol face="1" owner="" rotate="0" location.name="table" location.x="550" location.y="50" posZ="0">
    <data name="dice-symbol">
      <data name="image">
        <data type="image" name="1">./assets/images/dice/12_dice/12_dice[1].png</data>
        <data type="image" name="2">./assets/images/dice/12_dice/12_dice[2].png</data>
        <data type="image" name="3">./assets/images/dice/12_dice/12_dice[3].png</data>
        <data type="image" name="4">./assets/images/dice/12_dice/12_dice[4].png</data>
        <data type="image" name="5">./assets/images/dice/12_dice/12_dice[5].png</data>
        <data type="image" name="6">./assets/images/dice/12_dice/12_dice[6].png</data>
        <data type="image" name="7">./assets/images/dice/12_dice/12_dice[7].png</data>
        <data type="image" name="8">./assets/images/dice/12_dice/12_dice[8].png</data>
        <data type="image" name="9">./assets/images/dice/12_dice/12_dice[9].png</data>
        <data type="image" name="10">./assets/images/dice/12_dice/12_dice[10].png</data>
        <data type="image" name="11">./assets/images/dice/12_dice/12_dice[11].png</data>
        <data type="image" name="12">./assets/images/dice/12_dice/12_dice[12].png</data>
      </data>
      <data name="common">
        <data name="name">D12</data>
        <data name="size">1</data>
      </data>
      <data name="detail"></data>
    </data>
  </dice-symbol>
  <dice-symbol face="1" owner="" rotate="0" location.name="table" location.x="650" location.y="50" posZ="0">
    <data name="dice-symbol">
      <data name="image">
        <data type="image" name="1">./assets/images/dice/20_dice/20_dice[1].png</data>
        <data type="image" name="2">./assets/images/dice/20_dice/20_dice[2].png</data>
        <data type="image" name="3">./assets/images/dice/20_dice/20_dice[3].png</data>
        <data type="image" name="4">./assets/images/dice/20_dice/20_dice[4].png</data>
        <data type="image" name="5">./assets/images/dice/20_dice/20_dice[5].png</data>
        <data type="image" name="6">./assets/images/dice/20_dice/20_dice[6].png</data>
        <data type="image" name="7">./assets/images/dice/20_dice/20_dice[7].png</data>
        <data type="image" name="8">./assets/images/dice/20_dice/20_dice[8].png</data>
        <data type="image" name="9">./assets/images/dice/20_dice/20_dice[9].png</data>
        <data type="image" name="10">./assets/images/dice/20_dice/20_dice[10].png</data>
        <data type="image" name="11">./assets/images/dice/20_dice/20_dice[11].png</data>
        <data type="image" name="12">./assets/images/dice/20_dice/20_dice[12].png</data>
        <data type="image" name="13">./assets/images/dice/20_dice/20_dice[13].png</data>
        <data type="image" name="14">./assets/images/dice/20_dice/20_dice[14].png</data>
        <data type="image" name="15">./assets/images/dice/20_dice/20_dice[15].png</data>
        <data type="image" name="16">./assets/images/dice/20_dice/20_dice[16].png</data>
        <data type="image" name="17">./assets/images/dice/20_dice/20_dice[17].png</data>
        <data type="image" name="18">./assets/images/dice/20_dice/20_dice[18].png</data>
        <data type="image" name="19">./assets/images/dice/20_dice/20_dice[19].png</data>
        <data type="image" name="20">./assets/images/dice/20_dice/20_dice[20].png</data>
      </data>
      <data name="common">
        <data name="name">D20</data>
        <data name="size">1</data>
      </data>
      <data name="detail"></data>
    </data>
  </dice-symbol>
  <dice-symbol face="3" owner="" rotate="0" location.name="table" location.x="50" location.y="150" posZ="0">
    <data name="dice-symbol">
      <data name="image">
        <data type="image" name="1">./assets/images/dice/4_dice/4_dice[1].png</data>
        <data type="image" name="2">./assets/images/dice/4_dice/4_dice[2].png</data>
        <data type="image" name="3">./assets/images/dice/4_dice/4_dice[3].png</data>
        <data type="image" name="4">./assets/images/dice/4_dice/4_dice[4].png</data>
      </data>
      <data name="common">
        <data name="name">D4-出目変更</data>
        <data name="size">1</data>
      </data>
      <data name="detail"></data>
    </data>
  </dice-symbol>
  <dice-symbol face="1" owner="8VEiEn1G" rotate="0" location.name="table" location.x="150" location.y="150" posZ="0">
    <data name="dice-symbol">
      <data name="image">
        <data type="image" name="1">./assets/images/dice/4_dice/4_dice[1].png</data>
        <data type="image" name="2">./assets/images/dice/4_dice/4_dice[2].png</data>
        <data type="image" name="3">./assets/images/dice/4_dice/4_dice[3].png</data>
        <data type="image" name="4">./assets/images/dice/4_dice/4_dice[4].png</data>
      </data>
      <data name="common">
        <data name="name">D4-自分だけ見る</data>
        <data name="size">1</data>
      </data>
      <data name="detail"></data>
    </data>
  </dice-symbol>
  <dice-symbol face="1" owner="" rotate="0" location.name="table" location.x="250" location.y="150" posZ="0">
    <data name="dice-symbol">
      <data name="image">
        <data type="image" name="1">testCharacter_1_image</data>
        <data type="image" name="2">./assets/images/dice/4_dice/4_dice[2].png</data>
        <data type="image" name="3">./assets/images/dice/4_dice/4_dice[3].png</data>
        <data type="image" name="4">./assets/images/dice/4_dice/4_dice[4].png</data>
      </data>
      <data name="common">
        <data name="name">D4-画像変更</data>
        <data name="size">1</data>
      </data>
      <data name="detail"></data>
    </data>
  </dice-symbol>
</room>