<?xml version="1.0" encoding="UTF-8"?>
<room>
  <game-table name="最初のテーブル" width="20" height="15" gridSize="50" imageIdentifier="testTableBackgroundImage_image" backgroundImageIdentifier="imageIdentifier" backgroundFilterType="" selected="false" gridType="0" gridColor="#000000e6">
    <terrain isLocked="false" mode="3" rotate="0" location.name="table" location.x="475" location.y="275" posZ="0">
      <data name="terrain">
        <data name="image">
          <data type="image" name="imageIdentifier"></data>
          <data type="image" name="wall">./assets/images/tex.jpg</data>
          <data type="image" name="floor">f702478ab7925aa8248c8553c81169456fbd026c0adc778401b432f21c074e4e</data>
        </data>
        <data name="common">
          <data name="name">Resoniteロゴ</data>
          <data name="width">6</data>
          <data name="height">1</data>
          <data name="depth">2</data>
        </data>
        <data name="detail"></data>
      </data>
    </terrain>
  </game-table>
  <character rotate="0" roll="0" location.name="table" location.x="250" location.y="450" posZ="0">
    <data name="character">
      <data name="image">
        <data type="image" name="imageIdentifier">testCharacter_1_image</data>
      </data>
      <data name="common">
        <data name="name">モンスターA</data>
        <data name="size">1</data>
      </data>
      <data name="detail">
        <data name="リソース">
          <data type="numberResource" currentValue="200" name="HP">200</data>
          <data type="numberResource" currentValue="100" name="MP">100</data>
        </data>
        <data name="情報">
          <data type="note" name="説明">ここに説明を書く
あいうえお</data>
          <data type="note" name="メモ">任意の文字列
１
２
３
４
５</data>
        </data>
        <data name="能力">
          <data name="器用度">24</data>
          <data name="敏捷度">24</data>
          <data name="筋力">24</data>
          <data name="生命力">24</data>
          <data name="知力">24</data>
          <data name="精神力">24</data>
        </data>
        <data name="戦闘特技">
          <data name="Lv1">全力攻撃</data>
          <data name="Lv3">武器習熟/ソード</data>
          <data name="Lv5">武器習熟/ソードⅡ</data>
          <data name="Lv7">頑強</data>
          <data name="Lv9">薙ぎ払い</data>
          <data name="自動">治癒適正</data>
        </data>
      </data>
    </data>
    <chat-palette dicebot="">チャットパレット入力例：
2d6+1 ダイスロール
１ｄ２０＋{敏捷}＋｛格闘｝　{name}の格闘！
//敏捷=10+{敏捷A}
//敏捷A=10
//格闘＝１</chat-palette>
  </character>
  <character rotate="0" roll="0" location.name="table" location.x="400" location.y="400" posZ="0">
    <data name="character">
      <data name="image">
        <data type="image" name="imageIdentifier">testCharacter_1_image</data>
      </data>
      <data name="common">
        <data name="name">モンスターB</data>
        <data name="size">1</data>
      </data>
      <data name="detail">
        <data name="リソース">
          <data type="numberResource" currentValue="200" name="HP">200</data>
          <data type="numberResource" currentValue="100" name="MP">100</data>
        </data>
        <data name="情報">
          <data type="note" name="説明">ここに説明を書く
あいうえお</data>
          <data type="note" name="メモ">任意の文字列
１
２
３
４
５</data>
        </data>
        <data name="能力">
          <data name="器用度">24</data>
          <data name="敏捷度">24</data>
          <data name="筋力">24</data>
          <data name="生命力">24</data>
          <data name="知力">24</data>
          <data name="精神力">24</data>
        </data>
        <data name="戦闘特技">
          <data name="Lv1">全力攻撃</data>
          <data name="Lv3">武器習熟/ソード</data>
          <data name="Lv5">武器習熟/ソードⅡ</data>
          <data name="Lv7">頑強</data>
          <data name="Lv9">薙ぎ払い</data>
          <data name="自動">治癒適正</data>
        </data>
      </data>
    </data>
    <chat-palette dicebot="">チャットパレット入力例：
2d6+1 ダイスロール
１ｄ２０＋{敏捷}＋｛格闘｝　{name}の格闘！
//敏捷=10+{敏捷A}
//敏捷A=10
//格闘＝１</chat-palette>
  </character>
  <character rotate="0" roll="0" location.name="table" location.x="200" location.y="100" posZ="0">
    <data name="character">
      <data name="image">
        <data type="image" name="imageIdentifier">testCharacter_3_image</data>
      </data>
      <data name="common">
        <data name="name">モンスターC</data>
        <data name="size">3</data>
      </data>
      <data name="detail">
        <data name="リソース">
          <data type="numberResource" currentValue="200" name="HP">200</data>
          <data type="numberResource" currentValue="100" name="MP">100</data>
        </data>
        <data name="情報">
          <data type="note" name="説明">ここに説明を書く
あいうえお</data>
          <data type="note" name="メモ">任意の文字列
１
２
３
４
５</data>
        </data>
        <data name="能力">
          <data name="器用度">24</data>
          <data name="敏捷度">24</data>
          <data name="筋力">24</data>
          <data name="生命力">24</data>
          <data name="知力">24</data>
          <data name="精神力">24</data>
        </data>
        <data name="戦闘特技">
          <data name="Lv1">全力攻撃</data>
          <data name="Lv3">武器習熟/ソード</data>
          <data name="Lv5">武器習熟/ソードⅡ</data>
          <data name="Lv7">頑強</data>
          <data name="Lv9">薙ぎ払い</data>
          <data name="自動">治癒適正</data>
        </data>
      </data>
    </data>
    <chat-palette dicebot="">チャットパレット入力例：
2d6+1 ダイスロール
１ｄ２０＋{敏捷}＋｛格闘｝　{name}の格闘！
//敏捷=10+{敏捷A}
//敏捷A=10
//格闘＝１</chat-palette>
  </character>
  <character rotate="0" roll="0" location.name="table" location.x="300" location.y="550" posZ="0">
    <data name="character">
      <data name="image">
        <data type="image" name="imageIdentifier">testCharacter_4_image</data>
      </data>
      <data name="common">
        <data name="name">キャラクターA</data>
        <data name="size">1</data>
      </data>
      <data name="detail">
        <data name="リソース">
          <data type="numberResource" currentValue="200" name="HP">200</data>
          <data type="numberResource" currentValue="100" name="MP">100</data>
        </data>
        <data name="情報">
          <data type="note" name="説明">ここに説明を書く
あいうえお</data>
          <data type="note" name="メモ">任意の文字列
１
２
３
４
５</data>
        </data>
        <data name="能力">
          <data name="器用度">24</data>
          <data name="敏捷度">24</data>
          <data name="筋力">24</data>
          <data name="生命力">24</data>
          <data name="知力">24</data>
          <data name="精神力">24</data>
        </data>
        <data name="戦闘特技">
          <data name="Lv1">全力攻撃</data>
          <data name="Lv3">武器習熟/ソード</data>
          <data name="Lv5">武器習熟/ソードⅡ</data>
          <data name="Lv7">頑強</data>
          <data name="Lv9">薙ぎ払い</data>
          <data name="自動">治癒適正</data>
        </data>
      </data>
    </data>
    <chat-palette dicebot="">チャットパレット入力例：
2d6+1 ダイスロール
１ｄ２０＋{敏捷}＋｛格闘｝　{name}の格闘！
//敏捷=10+{敏捷A}
//敏捷A=10
//格闘＝１</chat-palette>
  </character>
  <character rotate="0" roll="0" location.name="table" location.x="600" location.y="600" posZ="0">
    <data name="character">
      <data name="image">
        <data type="image" name="imageIdentifier">testCharacter_5_image</data>
      </data>
      <data name="common">
        <data name="name">キャラクターB</data>
        <data name="size">1</data>
      </data>
      <data name="detail">
        <data name="リソース">
          <data type="numberResource" currentValue="200" name="HP">200</data>
          <data type="numberResource" currentValue="100" name="MP">100</data>
        </data>
        <data name="情報">
          <data type="note" name="説明">ここに説明を書く
あいうえお</data>
          <data type="note" name="メモ">任意の文字列
１
２
３
４
５</data>
        </data>
        <data name="能力">
          <data name="器用度">24</data>
          <data name="敏捷度">24</data>
          <data name="筋力">24</data>
          <data name="生命力">24</data>
          <data name="知力">24</data>
          <data name="精神力">24</data>
        </data>
        <data name="戦闘特技">
          <data name="Lv1">全力攻撃</data>
          <data name="Lv3">武器習熟/ソード</data>
          <data name="Lv5">武器習熟/ソードⅡ</data>
          <data name="Lv7">頑強</data>
          <data name="Lv9">薙ぎ払い</data>
          <data name="自動">治癒適正</data>
        </data>
      </data>
    </data>
    <chat-palette dicebot="">チャットパレット入力例：
2d6+1 ダイスロール
１ｄ２０＋{敏捷}＋｛格闘｝　{name}の格闘！
//敏捷=10+{敏捷A}
//敏捷A=10
//格闘＝１</chat-palette>
  </character>
  <character rotate="0" roll="0" location.name="table" location.x="250" location.y="650" posZ="0">
    <data name="character">
      <data name="image">
        <data type="image" name="imageIdentifier">testCharacter_6_image</data>
      </data>
      <data name="common">
        <data name="name">キャラクターC</data>
        <data name="size">1</data>
      </data>
      <data name="detail">
        <data name="リソース">
          <data type="numberResource" currentValue="200" name="HP">200</data>
          <data type="numberResource" currentValue="100" name="MP">100</data>
        </data>
        <data name="情報">
          <data type="note" name="説明">ここに説明を書く
あいうえお</data>
          <data type="note" name="メモ">任意の文字列
１
２
３
４
５</data>
        </data>
        <data name="能力">
          <data name="器用度">24</data>
          <data name="敏捷度">24</data>
          <data name="筋力">24</data>
          <data name="生命力">24</data>
          <data name="知力">24</data>
          <data name="精神力">24</data>
        </data>
        <data name="戦闘特技">
          <data name="Lv1">全力攻撃</data>
          <data name="Lv3">武器習熟/ソード</data>
          <data name="Lv5">武器習熟/ソードⅡ</data>
          <data name="Lv7">頑強</data>
          <data name="Lv9">薙ぎ払い</data>
          <data name="自動">治癒適正</data>
        </data>
      </data>
    </data>
    <chat-palette dicebot="">チャットパレット入力例：
2d6+1 ダイスロール
１ｄ２０＋{敏捷}＋｛格闘｝　{name}の格闘！
//敏捷=10+{敏捷A}
//敏捷A=10
//格闘＝１</chat-palette>
  </character>
  <character rotate="0" roll="0" location.name="table" location.x="625" location.y="325" posZ="50.00000000000001">
    <data name="character">
      <data name="image">
        <data type="image" name="imageIdentifier">f53c5c47b4356e3440cfb98f27af855b772e04917585352ec2f5558657f6aa87</data>
      </data>
      <data name="common">
        <data name="name">Resoniteアイコン</data>
        <data name="size">1</data>
      </data>
      <data name="detail">
        <data name="リソース">
          <data type="numberResource" currentValue="200" name="HP">200</data>
          <data type="numberResource" currentValue="100" name="MP">100</data>
        </data>
        <data name="情報">
          <data type="note" name="説明">ここに説明を書く
あいうえお</data>
          <data type="note" name="メモ">任意の文字列
１
２
３
４
５</data>
        </data>
        <data name="能力">
          <data name="器用度">24</data>
          <data name="敏捷度">24</data>
          <data name="筋力">24</data>
          <data name="生命力">24</data>
          <data name="知力">24</data>
          <data name="精神力">24</data>
        </data>
        <data name="戦闘特技">
          <data name="Lv1">全力攻撃</data>
          <data name="Lv3">武器習熟/ソード</data>
          <data name="Lv5">武器習熟/ソードⅡ</data>
          <data name="Lv7">頑強</data>
          <data name="Lv9">薙ぎ払い</data>
          <data name="自動">治癒適正</data>
        </data>
      </data>
    </data>
    <chat-palette dicebot="">チャットパレット入力例：
2d6+1 ダイスロール
１ｄ２０＋{敏捷}＋｛格闘｝　{name}の格闘！
//敏捷=10+{敏捷A}
//敏捷A=10
//格闘＝１</chat-palette>
  </character>
</room>