<?xml version="1.0" encoding="UTF-8"?>
<room>
  <game-table name="最初のテーブル" width="20" height="15" gridSize="50" imageIdentifier="testTableBackgroundImage_image" backgroundImageIdentifier="imageIdentifier" backgroundFilterType="" selected="false" gridType="0" gridColor="#000000e6">
    <terrain isLocked="false" mode="3" rotate="0" location.name="table" location.x="450" location.y="75" posZ="0">
      <data name="terrain">
        <data name="image">
          <data type="image" name="imageIdentifier"></data>
          <data type="image" name="wall">./assets/images/tex.jpg</data>
          <data type="image" name="floor">./assets/images/tex.jpg</data>
        </data>
        <data name="common">
          <data name="name">地形</data>
          <data name="width">2</data>
          <data name="height">2</data>
          <data name="depth">2</data>
        </data>
        <data name="detail"></data>
      </data>
    </terrain>
    <table-mask isLock="false" location.name="table" location.x="600" location.y="50" posZ="0">
      <data name="table-mask">
        <data name="image">
          <data type="image" name="imageIdentifier"></data>
        </data>
        <data name="common">
          <data name="name">マップマスク</data>
          <data name="width">5</data>
          <data name="height">5</data>
          <data type="numberResource" currentValue="100" name="opacity">100</data>
        </data>
        <data name="detail"></data>
      </data>
    </table-mask>
  </game-table>
  <character rotate="0" roll="0" location.name="table" location.x="250" location.y="450" posZ="0">
    <data name="character">
      <data name="image">
        <data type="image" name="imageIdentifier">testCharacter_1_image</data>
      </data>
      <data name="common">
        <data name="name">モンスターA</data>
        <data name="size">1</data>
      </data>
      <data name="detail">
        <data name="リソース">
          <data type="numberResource" currentValue="200" name="HP">200</data>
          <data type="numberResource" currentValue="100" name="MP">100</data>
        </data>
        <data name="情報">
          <data type="note" name="説明">ここに説明を書く
あいうえお</data>
          <data type="note" name="メモ">任意の文字列
１
２
３
４
５</data>
        </data>
        <data name="能力">
          <data name="器用度">24</data>
          <data name="敏捷度">24</data>
          <data name="筋力">24</data>
          <data name="生命力">24</data>
          <data name="知力">24</data>
          <data name="精神力">24</data>
        </data>
        <data name="戦闘特技">
          <data name="Lv1">全力攻撃</data>
          <data name="Lv3">武器習熟/ソード</data>
          <data name="Lv5">武器習熟/ソードⅡ</data>
          <data name="Lv7">頑強</data>
          <data name="Lv9">薙ぎ払い</data>
          <data name="自動">治癒適正</data>
        </data>
      </data>
    </data>
    <chat-palette dicebot="">チャットパレット入力例：
2d6+1 ダイスロール
１ｄ２０＋{敏捷}＋｛格闘｝　{name}の格闘！
//敏捷=10+{敏捷A}
//敏捷A=10
//格闘＝１</chat-palette>
  </character>
  <character rotate="0" roll="0" location.name="table" location.x="400" location.y="400" posZ="0">
    <data name="character">
      <data name="image">
        <data type="image" name="imageIdentifier">testCharacter_1_image</data>
      </data>
      <data name="common">
        <data name="name">モンスターB</data>
        <data name="size">1</data>
      </data>
      <data name="detail">
        <data name="リソース">
          <data type="numberResource" currentValue="200" name="HP">200</data>
          <data type="numberResource" currentValue="100" name="MP">100</data>
        </data>
        <data name="情報">
          <data type="note" name="説明">ここに説明を書く
あいうえお</data>
          <data type="note" name="メモ">任意の文字列
１
２
３
４
５</data>
        </data>
        <data name="能力">
          <data name="器用度">24</data>
          <data name="敏捷度">24</data>
          <data name="筋力">24</data>
          <data name="生命力">24</data>
          <data name="知力">24</data>
          <data name="精神力">24</data>
        </data>
        <data name="戦闘特技">
          <data name="Lv1">全力攻撃</data>
          <data name="Lv3">武器習熟/ソード</data>
          <data name="Lv5">武器習熟/ソードⅡ</data>
          <data name="Lv7">頑強</data>
          <data name="Lv9">薙ぎ払い</data>
          <data name="自動">治癒適正</data>
        </data>
      </data>
    </data>
    <chat-palette dicebot="">チャットパレット入力例：
2d6+1 ダイスロール
１ｄ２０＋{敏捷}＋｛格闘｝　{name}の格闘！
//敏捷=10+{敏捷A}
//敏捷A=10
//格闘＝１</chat-palette>
  </character>
  <character rotate="0" roll="0" location.name="table" location.x="200" location.y="100" posZ="0">
    <data name="character">
      <data name="image">
        <data type="image" name="imageIdentifier">testCharacter_3_image</data>
      </data>
      <data name="common">
        <data name="name">モンスターC</data>
        <data name="size">3</data>
      </data>
      <data name="detail">
        <data name="リソース">
          <data type="numberResource" currentValue="200" name="HP">200</data>
          <data type="numberResource" currentValue="100" name="MP">100</data>
        </data>
        <data name="情報">
          <data type="note" name="説明">ここに説明を書く
あいうえお</data>
          <data type="note" name="メモ">任意の文字列
１
２
３
４
５</data>
        </data>
        <data name="能力">
          <data name="器用度">24</data>
          <data name="敏捷度">24</data>
          <data name="筋力">24</data>
          <data name="生命力">24</data>
          <data name="知力">24</data>
          <data name="精神力">24</data>
        </data>
        <data name="戦闘特技">
          <data name="Lv1">全力攻撃</data>
          <data name="Lv3">武器習熟/ソード</data>
          <data name="Lv5">武器習熟/ソードⅡ</data>
          <data name="Lv7">頑強</data>
          <data name="Lv9">薙ぎ払い</data>
          <data name="自動">治癒適正</data>
        </data>
      </data>
    </data>
    <chat-palette dicebot="">チャットパレット入力例：
2d6+1 ダイスロール
１ｄ２０＋{敏捷}＋｛格闘｝　{name}の格闘！
//敏捷=10+{敏捷A}
//敏捷A=10
//格闘＝１</chat-palette>
  </character>
  <character rotate="0" roll="0" location.name="table" location.x="300" location.y="550" posZ="0">
    <data name="character">
      <data name="image">
        <data type="image" name="imageIdentifier">testCharacter_4_image</data>
      </data>
      <data name="common">
        <data name="name">キャラクターA</data>
        <data name="size">1</data>
      </data>
      <data name="detail">
        <data name="リソース">
          <data type="numberResource" currentValue="200" name="HP">200</data>
          <data type="numberResource" currentValue="100" name="MP">100</data>
        </data>
        <data name="情報">
          <data type="note" name="説明">ここに説明を書く
あいうえお</data>
          <data type="note" name="メモ">任意の文字列
１
２
３
４
５</data>
        </data>
        <data name="能力">
          <data name="器用度">24</data>
          <data name="敏捷度">24</data>
          <data name="筋力">24</data>
          <data name="生命力">24</data>
          <data name="知力">24</data>
          <data name="精神力">24</data>
        </data>
        <data name="戦闘特技">
          <data name="Lv1">全力攻撃</data>
          <data name="Lv3">武器習熟/ソード</data>
          <data name="Lv5">武器習熟/ソードⅡ</data>
          <data name="Lv7">頑強</data>
          <data name="Lv9">薙ぎ払い</data>
          <data name="自動">治癒適正</data>
        </data>
      </data>
    </data>
    <chat-palette dicebot="">チャットパレット入力例：
2d6+1 ダイスロール
１ｄ２０＋{敏捷}＋｛格闘｝　{name}の格闘！
//敏捷=10+{敏捷A}
//敏捷A=10
//格闘＝１</chat-palette>
  </character>
  <character rotate="0" roll="0" location.name="table" location.x="600" location.y="600" posZ="0">
    <data name="character">
      <data name="image">
        <data type="image" name="imageIdentifier">testCharacter_5_image</data>
      </data>
      <data name="common">
        <data name="name">キャラクターB</data>
        <data name="size">1</data>
      </data>
      <data name="detail">
        <data name="リソース">
          <data type="numberResource" currentValue="200" name="HP">200</data>
          <data type="numberResource" currentValue="100" name="MP">100</data>
        </data>
        <data name="情報">
          <data type="note" name="説明">ここに説明を書く
あいうえお</data>
          <data type="note" name="メモ">任意の文字列
１
２
３
４
５</data>
        </data>
        <data name="能力">
          <data name="器用度">24</data>
          <data name="敏捷度">24</data>
          <data name="筋力">24</data>
          <data name="生命力">24</data>
          <data name="知力">24</data>
          <data name="精神力">24</data>
        </data>
        <data name="戦闘特技">
          <data name="Lv1">全力攻撃</data>
          <data name="Lv3">武器習熟/ソード</data>
          <data name="Lv5">武器習熟/ソードⅡ</data>
          <data name="Lv7">頑強</data>
          <data name="Lv9">薙ぎ払い</data>
          <data name="自動">治癒適正</data>
        </data>
      </data>
    </data>
    <chat-palette dicebot="">チャットパレット入力例：
2d6+1 ダイスロール
１ｄ２０＋{敏捷}＋｛格闘｝　{name}の格闘！
//敏捷=10+{敏捷A}
//敏捷A=10
//格闘＝１</chat-palette>
  </character>
  <character rotate="0" roll="0" location.name="table" location.x="250" location.y="650" posZ="0">
    <data name="character">
      <data name="image">
        <data type="image" name="imageIdentifier">testCharacter_6_image</data>
      </data>
      <data name="common">
        <data name="name">キャラクターC</data>
        <data name="size">1</data>
      </data>
      <data name="detail">
        <data name="リソース">
          <data type="numberResource" currentValue="200" name="HP">200</data>
          <data type="numberResource" currentValue="100" name="MP">100</data>
        </data>
        <data name="情報">
          <data type="note" name="説明">ここに説明を書く
あいうえお</data>
          <data type="note" name="メモ">任意の文字列
１
２
３
４
５</data>
        </data>
        <data name="能力">
          <data name="器用度">24</data>
          <data name="敏捷度">24</data>
          <data name="筋力">24</data>
          <data name="生命力">24</data>
          <data name="知力">24</data>
          <data name="精神力">24</data>
        </data>
        <data name="戦闘特技">
          <data name="Lv1">全力攻撃</data>
          <data name="Lv3">武器習熟/ソード</data>
          <data name="Lv5">武器習熟/ソードⅡ</data>
          <data name="Lv7">頑強</data>
          <data name="Lv9">薙ぎ払い</data>
          <data name="自動">治癒適正</data>
        </data>
      </data>
    </data>
    <chat-palette dicebot="">チャットパレット入力例：
2d6+1 ダイスロール
１ｄ２０＋{敏捷}＋｛格闘｝　{name}の格闘！
//敏捷=10+{敏捷A}
//敏捷A=10
//格闘＝１</chat-palette>
  </character>
  <character rotate="0" roll="0" location.name="table" location.x="647.7273194414936" location.y="417.504651586913" posZ="0">
    <data name="character">
      <data name="image">
        <data type="image" name="imageIdentifier"></data>
      </data>
      <data name="common">
        <data name="name">新しいキャラクター</data>
        <data name="size">1</data>
      </data>
      <data name="detail">
        <data name="リソース">
          <data type="numberResource" currentValue="200" name="HP">200</data>
          <data type="numberResource" currentValue="100" name="MP">100</data>
        </data>
        <data name="情報">
          <data type="note" name="説明">ここに説明を書く
あいうえお</data>
          <data type="note" name="メモ">任意の文字列
１
２
３
４
５</data>
        </data>
        <data name="能力">
          <data name="器用度">24</data>
          <data name="敏捷度">24</data>
          <data name="筋力">24</data>
          <data name="生命力">24</data>
          <data name="知力">24</data>
          <data name="精神力">24</data>
        </data>
        <data name="戦闘特技">
          <data name="Lv1">全力攻撃</data>
          <data name="Lv3">武器習熟/ソード</data>
          <data name="Lv5">武器習熟/ソードⅡ</data>
          <data name="Lv7">頑強</data>
          <data name="Lv9">薙ぎ払い</data>
          <data name="自動">治癒適正</data>
        </data>
      </data>
    </data>
    <chat-palette dicebot="">チャットパレット入力例：
2d6+1 ダイスロール
１ｄ２０＋{敏捷}＋｛格闘｝　{name}の格闘！
//敏捷=10+{敏捷A}
//敏捷A=10
//格闘＝１</chat-palette>
  </character>
  <text-note rotate="0" zindex="0" password="" location.name="table" location.x="825" location.y="400" posZ="0">
    <data name="text-note">
      <data name="image">
        <data type="image" name="imageIdentifier"></data>
      </data>
      <data name="common">
        <data name="width">4</data>
        <data name="height">3</data>
        <data name="fontsize">5</data>
        <data name="title">共有メモ</data>
        <data type="note" currentValue="テキストを入力してください" name="text">テキストを入力してください</data>
      </data>
      <data name="detail"></data>
    </data>
  </text-note>
  <card-stack rotate="0" zindex="2" owner="" isShowTotal="true" location.name="table" location.x="750" location.y="425" posZ="0">
    <data name="card-stack">
      <data name="image">
        <data type="image" name="imageIdentifier"></data>
      </data>
      <data name="common">
        <data name="name">トランプ山札</data>
      </data>
      <data name="detail"></data>
    </data>
    <node name="cardRoot">
      <card state="0" rotate="0" owner="" zindex="0" location.name="table" location.x="795.9545652225265" location.y="480.14175464378826" posZ="0">
        <data name="card">
          <data name="image">
            <data type="image" name="imageIdentifier"></data>
            <data type="image" name="front">./assets/images/trump/c02.gif</data>
            <data type="image" name="back">./assets/images/trump/z02.gif</data>
          </data>
          <data name="common">
            <data name="name">カード</data>
            <data name="size">2</data>
          </data>
          <data name="detail"></data>
        </data>
      </card>
      <card state="0" rotate="0" owner="" zindex="0" location.name="table" location.x="795.9545652225265" location.y="480.14175464378826" posZ="0">
        <data name="card">
          <data name="image">
            <data type="image" name="imageIdentifier"></data>
            <data type="image" name="front">./assets/images/trump/c03.gif</data>
            <data type="image" name="back">./assets/images/trump/z02.gif</data>
          </data>
          <data name="common">
            <data name="name">カード</data>
            <data name="size">2</data>
          </data>
          <data name="detail"></data>
        </data>
      </card>
      <card state="0" rotate="0" owner="" zindex="0" location.name="table" location.x="795.9545652225265" location.y="480.14175464378826" posZ="0">
        <data name="card">
          <data name="image">
            <data type="image" name="imageIdentifier"></data>
            <data type="image" name="front">./assets/images/trump/c04.gif</data>
            <data type="image" name="back">./assets/images/trump/z02.gif</data>
          </data>
          <data name="common">
            <data name="name">カード</data>
            <data name="size">2</data>
          </data>
          <data name="detail"></data>
        </data>
      </card>
      <card state="0" rotate="0" owner="" zindex="0" location.name="table" location.x="795.9545652225265" location.y="480.14175464378826" posZ="0">
        <data name="card">
          <data name="image">
            <data type="image" name="imageIdentifier"></data>
            <data type="image" name="front">./assets/images/trump/c05.gif</data>
            <data type="image" name="back">./assets/images/trump/z02.gif</data>
          </data>
          <data name="common">
            <data name="name">カード</data>
            <data name="size">2</data>
          </data>
          <data name="detail"></data>
        </data>
      </card>
      <card state="0" rotate="0" owner="" zindex="0" location.name="table" location.x="795.9545652225265" location.y="480.14175464378826" posZ="0">
        <data name="card">
          <data name="image">
            <data type="image" name="imageIdentifier"></data>
            <data type="image" name="front">./assets/images/trump/c06.gif</data>
            <data type="image" name="back">./assets/images/trump/z02.gif</data>
          </data>
          <data name="common">
            <data name="name">カード</data>
            <data name="size">2</data>
          </data>
          <data name="detail"></data>
        </data>
      </card>
      <card state="0" rotate="0" owner="" zindex="0" location.name="table" location.x="795.9545652225265" location.y="480.14175464378826" posZ="0">
        <data name="card">
          <data name="image">
            <data type="image" name="imageIdentifier"></data>
            <data type="image" name="front">./assets/images/trump/c07.gif</data>
            <data type="image" name="back">./assets/images/trump/z02.gif</data>
          </data>
          <data name="common">
            <data name="name">カード</data>
            <data name="size">2</data>
          </data>
          <data name="detail"></data>
        </data>
      </card>
      <card state="0" rotate="0" owner="" zindex="0" location.name="table" location.x="795.9545652225265" location.y="480.14175464378826" posZ="0">
        <data name="card">
          <data name="image">
            <data type="image" name="imageIdentifier"></data>
            <data type="image" name="front">./assets/images/trump/c08.gif</data>
            <data type="image" name="back">./assets/images/trump/z02.gif</data>
          </data>
          <data name="common">
            <data name="name">カード</data>
            <data name="size">2</data>
          </data>
          <data name="detail"></data>
        </data>
      </card>
      <card state="0" rotate="0" owner="" zindex="0" location.name="table" location.x="795.9545652225265" location.y="480.14175464378826" posZ="0">
        <data name="card">
          <data name="image">
            <data type="image" name="imageIdentifier"></data>
            <data type="image" name="front">./assets/images/trump/c09.gif</data>
            <data type="image" name="back">./assets/images/trump/z02.gif</data>
          </data>
          <data name="common">
            <data name="name">カード</data>
            <data name="size">2</data>
          </data>
          <data name="detail"></data>
        </data>
      </card>
      <card state="0" rotate="0" owner="" zindex="0" location.name="table" location.x="795.9545652225265" location.y="480.14175464378826" posZ="0">
        <data name="card">
          <data name="image">
            <data type="image" name="imageIdentifier"></data>
            <data type="image" name="front">./assets/images/trump/c10.gif</data>
            <data type="image" name="back">./assets/images/trump/z02.gif</data>
          </data>
          <data name="common">
            <data name="name">カード</data>
            <data name="size">2</data>
          </data>
          <data name="detail"></data>
        </data>
      </card>
      <card state="0" rotate="0" owner="" zindex="0" location.name="table" location.x="795.9545652225265" location.y="480.14175464378826" posZ="0">
        <data name="card">
          <data name="image">
            <data type="image" name="imageIdentifier"></data>
            <data type="image" name="front">./assets/images/trump/c11.gif</data>
            <data type="image" name="back">./assets/images/trump/z02.gif</data>
          </data>
          <data name="common">
            <data name="name">カード</data>
            <data name="size">2</data>
          </data>
          <data name="detail"></data>
        </data>
      </card>
      <card state="0" rotate="0" owner="" zindex="0" location.name="table" location.x="795.9545652225265" location.y="480.14175464378826" posZ="0">
        <data name="card">
          <data name="image">
            <data type="image" name="imageIdentifier"></data>
            <data type="image" name="front">./assets/images/trump/c12.gif</data>
            <data type="image" name="back">./assets/images/trump/z02.gif</data>
          </data>
          <data name="common">
            <data name="name">カード</data>
            <data name="size">2</data>
          </data>
          <data name="detail"></data>
        </data>
      </card>
      <card state="0" rotate="0" owner="" zindex="0" location.name="table" location.x="795.9545652225265" location.y="480.14175464378826" posZ="0">
        <data name="card">
          <data name="image">
            <data type="image" name="imageIdentifier"></data>
            <data type="image" name="front">./assets/images/trump/c13.gif</data>
            <data type="image" name="back">./assets/images/trump/z02.gif</data>
          </data>
          <data name="common">
            <data name="name">カード</data>
            <data name="size">2</data>
          </data>
          <data name="detail"></data>
        </data>
      </card>
      <card state="0" rotate="0" owner="" zindex="0" location.name="table" location.x="795.9545652225265" location.y="480.14175464378826" posZ="0">
        <data name="card">
          <data name="image">
            <data type="image" name="imageIdentifier"></data>
            <data type="image" name="front">./assets/images/trump/d01.gif</data>
            <data type="image" name="back">./assets/images/trump/z02.gif</data>
          </data>
          <data name="common">
            <data name="name">カード</data>
            <data name="size">2</data>
          </data>
          <data name="detail"></data>
        </data>
      </card>
      <card state="0" rotate="0" owner="" zindex="0" location.name="table" location.x="795.9545652225265" location.y="480.14175464378826" posZ="0">
        <data name="card">
          <data name="image">
            <data type="image" name="imageIdentifier"></data>
            <data type="image" name="front">./assets/images/trump/d02.gif</data>
            <data type="image" name="back">./assets/images/trump/z02.gif</data>
          </data>
          <data name="common">
            <data name="name">カード</data>
            <data name="size">2</data>
          </data>
          <data name="detail"></data>
        </data>
      </card>
      <card state="0" rotate="0" owner="" zindex="0" location.name="table" location.x="795.9545652225265" location.y="480.14175464378826" posZ="0">
        <data name="card">
          <data name="image">
            <data type="image" name="imageIdentifier"></data>
            <data type="image" name="front">./assets/images/trump/d03.gif</data>
            <data type="image" name="back">./assets/images/trump/z02.gif</data>
          </data>
          <data name="common">
            <data name="name">カード</data>
            <data name="size">2</data>
          </data>
          <data name="detail"></data>
        </data>
      </card>
      <card state="0" rotate="0" owner="" zindex="0" location.name="table" location.x="795.9545652225265" location.y="480.14175464378826" posZ="0">
        <data name="card">
          <data name="image">
            <data type="image" name="imageIdentifier"></data>
            <data type="image" name="front">./assets/images/trump/d04.gif</data>
            <data type="image" name="back">./assets/images/trump/z02.gif</data>
          </data>
          <data name="common">
            <data name="name">カード</data>
            <data name="size">2</data>
          </data>
          <data name="detail"></data>
        </data>
      </card>
      <card state="0" rotate="0" owner="" zindex="0" location.name="table" location.x="795.9545652225265" location.y="480.14175464378826" posZ="0">
        <data name="card">
          <data name="image">
            <data type="image" name="imageIdentifier"></data>
            <data type="image" name="front">./assets/images/trump/d05.gif</data>
            <data type="image" name="back">./assets/images/trump/z02.gif</data>
          </data>
          <data name="common">
            <data name="name">カード</data>
            <data name="size">2</data>
          </data>
          <data name="detail"></data>
        </data>
      </card>
      <card state="0" rotate="0" owner="" zindex="0" location.name="table" location.x="795.9545652225265" location.y="480.14175464378826" posZ="0">
        <data name="card">
          <data name="image">
            <data type="image" name="imageIdentifier"></data>
            <data type="image" name="front">./assets/images/trump/d06.gif</data>
            <data type="image" name="back">./assets/images/trump/z02.gif</data>
          </data>
          <data name="common">
            <data name="name">カード</data>
            <data name="size">2</data>
          </data>
          <data name="detail"></data>
        </data>
      </card>
      <card state="0" rotate="0" owner="" zindex="0" location.name="table" location.x="795.9545652225265" location.y="480.14175464378826" posZ="0">
        <data name="card">
          <data name="image">
            <data type="image" name="imageIdentifier"></data>
            <data type="image" name="front">./assets/images/trump/d07.gif</data>
            <data type="image" name="back">./assets/images/trump/z02.gif</data>
          </data>
          <data name="common">
            <data name="name">カード</data>
            <data name="size">2</data>
          </data>
          <data name="detail"></data>
        </data>
      </card>
      <card state="0" rotate="0" owner="" zindex="0" location.name="table" location.x="795.9545652225265" location.y="480.14175464378826" posZ="0">
        <data name="card">
          <data name="image">
            <data type="image" name="imageIdentifier"></data>
            <data type="image" name="front">./assets/images/trump/d08.gif</data>
            <data type="image" name="back">./assets/images/trump/z02.gif</data>
          </data>
          <data name="common">
            <data name="name">カード</data>
            <data name="size">2</data>
          </data>
          <data name="detail"></data>
        </data>
      </card>
      <card state="0" rotate="0" owner="" zindex="0" location.name="table" location.x="795.9545652225265" location.y="480.14175464378826" posZ="0">
        <data name="card">
          <data name="image">
            <data type="image" name="imageIdentifier"></data>
            <data type="image" name="front">./assets/images/trump/d09.gif</data>
            <data type="image" name="back">./assets/images/trump/z02.gif</data>
          </data>
          <data name="common">
            <data name="name">カード</data>
            <data name="size">2</data>
          </data>
          <data name="detail"></data>
        </data>
      </card>
      <card state="0" rotate="0" owner="" zindex="0" location.name="table" location.x="795.9545652225265" location.y="480.14175464378826" posZ="0">
        <data name="card">
          <data name="image">
            <data type="image" name="imageIdentifier"></data>
            <data type="image" name="front">./assets/images/trump/d10.gif</data>
            <data type="image" name="back">./assets/images/trump/z02.gif</data>
          </data>
          <data name="common">
            <data name="name">カード</data>
            <data name="size">2</data>
          </data>
          <data name="detail"></data>
        </data>
      </card>
      <card state="0" rotate="0" owner="" zindex="0" location.name="table" location.x="795.9545652225265" location.y="480.14175464378826" posZ="0">
        <data name="card">
          <data name="image">
            <data type="image" name="imageIdentifier"></data>
            <data type="image" name="front">./assets/images/trump/d11.gif</data>
            <data type="image" name="back">./assets/images/trump/z02.gif</data>
          </data>
          <data name="common">
            <data name="name">カード</data>
            <data name="size">2</data>
          </data>
          <data name="detail"></data>
        </data>
      </card>
      <card state="0" rotate="0" owner="" zindex="0" location.name="table" location.x="795.9545652225265" location.y="480.14175464378826" posZ="0">
        <data name="card">
          <data name="image">
            <data type="image" name="imageIdentifier"></data>
            <data type="image" name="front">./assets/images/trump/d12.gif</data>
            <data type="image" name="back">./assets/images/trump/z02.gif</data>
          </data>
          <data name="common">
            <data name="name">カード</data>
            <data name="size">2</data>
          </data>
          <data name="detail"></data>
        </data>
      </card>
      <card state="0" rotate="0" owner="" zindex="0" location.name="table" location.x="795.9545652225265" location.y="480.14175464378826" posZ="0">
        <data name="card">
          <data name="image">
            <data type="image" name="imageIdentifier"></data>
            <data type="image" name="front">./assets/images/trump/d13.gif</data>
            <data type="image" name="back">./assets/images/trump/z02.gif</data>
          </data>
          <data name="common">
            <data name="name">カード</data>
            <data name="size">2</data>
          </data>
          <data name="detail"></data>
        </data>
      </card>
      <card state="0" rotate="0" owner="" zindex="0" location.name="table" location.x="795.9545652225265" location.y="480.14175464378826" posZ="0">
        <data name="card">
          <data name="image">
            <data type="image" name="imageIdentifier"></data>
            <data type="image" name="front">./assets/images/trump/h01.gif</data>
            <data type="image" name="back">./assets/images/trump/z02.gif</data>
          </data>
          <data name="common">
            <data name="name">カード</data>
            <data name="size">2</data>
          </data>
          <data name="detail"></data>
        </data>
      </card>
      <card state="0" rotate="0" owner="" zindex="0" location.name="table" location.x="795.9545652225265" location.y="480.14175464378826" posZ="0">
        <data name="card">
          <data name="image">
            <data type="image" name="imageIdentifier"></data>
            <data type="image" name="front">./assets/images/trump/h02.gif</data>
            <data type="image" name="back">./assets/images/trump/z02.gif</data>
          </data>
          <data name="common">
            <data name="name">カード</data>
            <data name="size">2</data>
          </data>
          <data name="detail"></data>
        </data>
      </card>
      <card state="0" rotate="0" owner="" zindex="0" location.name="table" location.x="795.9545652225265" location.y="480.14175464378826" posZ="0">
        <data name="card">
          <data name="image">
            <data type="image" name="imageIdentifier"></data>
            <data type="image" name="front">./assets/images/trump/h03.gif</data>
            <data type="image" name="back">./assets/images/trump/z02.gif</data>
          </data>
          <data name="common">
            <data name="name">カード</data>
            <data name="size">2</data>
          </data>
          <data name="detail"></data>
        </data>
      </card>
      <card state="0" rotate="0" owner="" zindex="0" location.name="table" location.x="795.9545652225265" location.y="480.14175464378826" posZ="0">
        <data name="card">
          <data name="image">
            <data type="image" name="imageIdentifier"></data>
            <data type="image" name="front">./assets/images/trump/h04.gif</data>
            <data type="image" name="back">./assets/images/trump/z02.gif</data>
          </data>
          <data name="common">
            <data name="name">カード</data>
            <data name="size">2</data>
          </data>
          <data name="detail"></data>
        </data>
      </card>
      <card state="0" rotate="0" owner="" zindex="0" location.name="table" location.x="795.9545652225265" location.y="480.14175464378826" posZ="0">
        <data name="card">
          <data name="image">
            <data type="image" name="imageIdentifier"></data>
            <data type="image" name="front">./assets/images/trump/h05.gif</data>
            <data type="image" name="back">./assets/images/trump/z02.gif</data>
          </data>
          <data name="common">
            <data name="name">カード</data>
            <data name="size">2</data>
          </data>
          <data name="detail"></data>
        </data>
      </card>
      <card state="0" rotate="0" owner="" zindex="0" location.name="table" location.x="795.9545652225265" location.y="480.14175464378826" posZ="0">
        <data name="card">
          <data name="image">
            <data type="image" name="imageIdentifier"></data>
            <data type="image" name="front">./assets/images/trump/h06.gif</data>
            <data type="image" name="back">./assets/images/trump/z02.gif</data>
          </data>
          <data name="common">
            <data name="name">カード</data>
            <data name="size">2</data>
          </data>
          <data name="detail"></data>
        </data>
      </card>
      <card state="0" rotate="0" owner="" zindex="0" location.name="table" location.x="795.9545652225265" location.y="480.14175464378826" posZ="0">
        <data name="card">
          <data name="image">
            <data type="image" name="imageIdentifier"></data>
            <data type="image" name="front">./assets/images/trump/h07.gif</data>
            <data type="image" name="back">./assets/images/trump/z02.gif</data>
          </data>
          <data name="common">
            <data name="name">カード</data>
            <data name="size">2</data>
          </data>
          <data name="detail"></data>
        </data>
      </card>
      <card state="0" rotate="0" owner="" zindex="0" location.name="table" location.x="795.9545652225265" location.y="480.14175464378826" posZ="0">
        <data name="card">
          <data name="image">
            <data type="image" name="imageIdentifier"></data>
            <data type="image" name="front">./assets/images/trump/h08.gif</data>
            <data type="image" name="back">./assets/images/trump/z02.gif</data>
          </data>
          <data name="common">
            <data name="name">カード</data>
            <data name="size">2</data>
          </data>
          <data name="detail"></data>
        </data>
      </card>
      <card state="0" rotate="0" owner="" zindex="0" location.name="table" location.x="795.9545652225265" location.y="480.14175464378826" posZ="0">
        <data name="card">
          <data name="image">
            <data type="image" name="imageIdentifier"></data>
            <data type="image" name="front">./assets/images/trump/h09.gif</data>
            <data type="image" name="back">./assets/images/trump/z02.gif</data>
          </data>
          <data name="common">
            <data name="name">カード</data>
            <data name="size">2</data>
          </data>
          <data name="detail"></data>
        </data>
      </card>
      <card state="0" rotate="0" owner="" zindex="0" location.name="table" location.x="795.9545652225265" location.y="480.14175464378826" posZ="0">
        <data name="card">
          <data name="image">
            <data type="image" name="imageIdentifier"></data>
            <data type="image" name="front">./assets/images/trump/h10.gif</data>
            <data type="image" name="back">./assets/images/trump/z02.gif</data>
          </data>
          <data name="common">
            <data name="name">カード</data>
            <data name="size">2</data>
          </data>
          <data name="detail"></data>
        </data>
      </card>
      <card state="0" rotate="0" owner="" zindex="0" location.name="table" location.x="795.9545652225265" location.y="480.14175464378826" posZ="0">
        <data name="card">
          <data name="image">
            <data type="image" name="imageIdentifier"></data>
            <data type="image" name="front">./assets/images/trump/h11.gif</data>
            <data type="image" name="back">./assets/images/trump/z02.gif</data>
          </data>
          <data name="common">
            <data name="name">カード</data>
            <data name="size">2</data>
          </data>
          <data name="detail"></data>
        </data>
      </card>
      <card state="0" rotate="0" owner="" zindex="0" location.name="table" location.x="795.9545652225265" location.y="480.14175464378826" posZ="0">
        <data name="card">
          <data name="image">
            <data type="image" name="imageIdentifier"></data>
            <data type="image" name="front">./assets/images/trump/h12.gif</data>
            <data type="image" name="back">./assets/images/trump/z02.gif</data>
          </data>
          <data name="common">
            <data name="name">カード</data>
            <data name="size">2</data>
          </data>
          <data name="detail"></data>
        </data>
      </card>
      <card state="0" rotate="0" owner="" zindex="0" location.name="table" location.x="795.9545652225265" location.y="480.14175464378826" posZ="0">
        <data name="card">
          <data name="image">
            <data type="image" name="imageIdentifier"></data>
            <data type="image" name="front">./assets/images/trump/h13.gif</data>
            <data type="image" name="back">./assets/images/trump/z02.gif</data>
          </data>
          <data name="common">
            <data name="name">カード</data>
            <data name="size">2</data>
          </data>
          <data name="detail"></data>
        </data>
      </card>
      <card state="0" rotate="0" owner="" zindex="0" location.name="table" location.x="795.9545652225265" location.y="480.14175464378826" posZ="0">
        <data name="card">
          <data name="image">
            <data type="image" name="imageIdentifier"></data>
            <data type="image" name="front">./assets/images/trump/s01.gif</data>
            <data type="image" name="back">./assets/images/trump/z02.gif</data>
          </data>
          <data name="common">
            <data name="name">カード</data>
            <data name="size">2</data>
          </data>
          <data name="detail"></data>
        </data>
      </card>
      <card state="0" rotate="0" owner="" zindex="0" location.name="table" location.x="795.9545652225265" location.y="480.14175464378826" posZ="0">
        <data name="card">
          <data name="image">
            <data type="image" name="imageIdentifier"></data>
            <data type="image" name="front">./assets/images/trump/s02.gif</data>
            <data type="image" name="back">./assets/images/trump/z02.gif</data>
          </data>
          <data name="common">
            <data name="name">カード</data>
            <data name="size">2</data>
          </data>
          <data name="detail"></data>
        </data>
      </card>
      <card state="0" rotate="0" owner="" zindex="0" location.name="table" location.x="795.9545652225265" location.y="480.14175464378826" posZ="0">
        <data name="card">
          <data name="image">
            <data type="image" name="imageIdentifier"></data>
            <data type="image" name="front">./assets/images/trump/s03.gif</data>
            <data type="image" name="back">./assets/images/trump/z02.gif</data>
          </data>
          <data name="common">
            <data name="name">カード</data>
            <data name="size">2</data>
          </data>
          <data name="detail"></data>
        </data>
      </card>
      <card state="0" rotate="0" owner="" zindex="0" location.name="table" location.x="795.9545652225265" location.y="480.14175464378826" posZ="0">
        <data name="card">
          <data name="image">
            <data type="image" name="imageIdentifier"></data>
            <data type="image" name="front">./assets/images/trump/s04.gif</data>
            <data type="image" name="back">./assets/images/trump/z02.gif</data>
          </data>
          <data name="common">
            <data name="name">カード</data>
            <data name="size">2</data>
          </data>
          <data name="detail"></data>
        </data>
      </card>
      <card state="0" rotate="0" owner="" zindex="0" location.name="table" location.x="795.9545652225265" location.y="480.14175464378826" posZ="0">
        <data name="card">
          <data name="image">
            <data type="image" name="imageIdentifier"></data>
            <data type="image" name="front">./assets/images/trump/s05.gif</data>
            <data type="image" name="back">./assets/images/trump/z02.gif</data>
          </data>
          <data name="common">
            <data name="name">カード</data>
            <data name="size">2</data>
          </data>
          <data name="detail"></data>
        </data>
      </card>
      <card state="0" rotate="0" owner="" zindex="0" location.name="table" location.x="795.9545652225265" location.y="480.14175464378826" posZ="0">
        <data name="card">
          <data name="image">
            <data type="image" name="imageIdentifier"></data>
            <data type="image" name="front">./assets/images/trump/s06.gif</data>
            <data type="image" name="back">./assets/images/trump/z02.gif</data>
          </data>
          <data name="common">
            <data name="name">カード</data>
            <data name="size">2</data>
          </data>
          <data name="detail"></data>
        </data>
      </card>
      <card state="0" rotate="0" owner="" zindex="0" location.name="table" location.x="795.9545652225265" location.y="480.14175464378826" posZ="0">
        <data name="card">
          <data name="image">
            <data type="image" name="imageIdentifier"></data>
            <data type="image" name="front">./assets/images/trump/s07.gif</data>
            <data type="image" name="back">./assets/images/trump/z02.gif</data>
          </data>
          <data name="common">
            <data name="name">カード</data>
            <data name="size">2</data>
          </data>
          <data name="detail"></data>
        </data>
      </card>
      <card state="0" rotate="0" owner="" zindex="0" location.name="table" location.x="795.9545652225265" location.y="480.14175464378826" posZ="0">
        <data name="card">
          <data name="image">
            <data type="image" name="imageIdentifier"></data>
            <data type="image" name="front">./assets/images/trump/s08.gif</data>
            <data type="image" name="back">./assets/images/trump/z02.gif</data>
          </data>
          <data name="common">
            <data name="name">カード</data>
            <data name="size">2</data>
          </data>
          <data name="detail"></data>
        </data>
      </card>
      <card state="0" rotate="0" owner="" zindex="0" location.name="table" location.x="795.9545652225265" location.y="480.14175464378826" posZ="0">
        <data name="card">
          <data name="image">
            <data type="image" name="imageIdentifier"></data>
            <data type="image" name="front">./assets/images/trump/s09.gif</data>
            <data type="image" name="back">./assets/images/trump/z02.gif</data>
          </data>
          <data name="common">
            <data name="name">カード</data>
            <data name="size">2</data>
          </data>
          <data name="detail"></data>
        </data>
      </card>
      <card state="0" rotate="0" owner="" zindex="0" location.name="table" location.x="795.9545652225265" location.y="480.14175464378826" posZ="0">
        <data name="card">
          <data name="image">
            <data type="image" name="imageIdentifier"></data>
            <data type="image" name="front">./assets/images/trump/s10.gif</data>
            <data type="image" name="back">./assets/images/trump/z02.gif</data>
          </data>
          <data name="common">
            <data name="name">カード</data>
            <data name="size">2</data>
          </data>
          <data name="detail"></data>
        </data>
      </card>
      <card state="0" rotate="0" owner="" zindex="0" location.name="table" location.x="795.9545652225265" location.y="480.14175464378826" posZ="0">
        <data name="card">
          <data name="image">
            <data type="image" name="imageIdentifier"></data>
            <data type="image" name="front">./assets/images/trump/s11.gif</data>
            <data type="image" name="back">./assets/images/trump/z02.gif</data>
          </data>
          <data name="common">
            <data name="name">カード</data>
            <data name="size">2</data>
          </data>
          <data name="detail"></data>
        </data>
      </card>
      <card state="0" rotate="0" owner="" zindex="0" location.name="table" location.x="795.9545652225265" location.y="480.14175464378826" posZ="0">
        <data name="card">
          <data name="image">
            <data type="image" name="imageIdentifier"></data>
            <data type="image" name="front">./assets/images/trump/s12.gif</data>
            <data type="image" name="back">./assets/images/trump/z02.gif</data>
          </data>
          <data name="common">
            <data name="name">カード</data>
            <data name="size">2</data>
          </data>
          <data name="detail"></data>
        </data>
      </card>
      <card state="0" rotate="0" owner="" zindex="0" location.name="table" location.x="795.9545652225265" location.y="480.14175464378826" posZ="0">
        <data name="card">
          <data name="image">
            <data type="image" name="imageIdentifier"></data>
            <data type="image" name="front">./assets/images/trump/s13.gif</data>
            <data type="image" name="back">./assets/images/trump/z02.gif</data>
          </data>
          <data name="common">
            <data name="name">カード</data>
            <data name="size">2</data>
          </data>
          <data name="detail"></data>
        </data>
      </card>
      <card state="0" rotate="0" owner="" zindex="0" location.name="table" location.x="795.9545652225265" location.y="480.14175464378826" posZ="0">
        <data name="card">
          <data name="image">
            <data type="image" name="imageIdentifier"></data>
            <data type="image" name="front">./assets/images/trump/x01.gif</data>
            <data type="image" name="back">./assets/images/trump/z02.gif</data>
          </data>
          <data name="common">
            <data name="name">カード</data>
            <data name="size">2</data>
          </data>
          <data name="detail"></data>
        </data>
      </card>
      <card state="0" rotate="0" owner="" zindex="0" location.name="table" location.x="795.9545652225265" location.y="480.14175464378826" posZ="0">
        <data name="card">
          <data name="image">
            <data type="image" name="imageIdentifier"></data>
            <data type="image" name="front">./assets/images/trump/x02.gif</data>
            <data type="image" name="back">./assets/images/trump/z02.gif</data>
          </data>
          <data name="common">
            <data name="name">カード</data>
            <data name="size">2</data>
          </data>
          <data name="detail"></data>
        </data>
      </card>
    </node>
  </card-stack>
  <card state="0" rotate="0" owner="" zindex="3" location.name="table" location.x="900" location.y="550" posZ="0">
    <data name="card">
      <data name="image">
        <data type="image" name="imageIdentifier"></data>
        <data type="image" name="front">./assets/images/trump/c01.gif</data>
        <data type="image" name="back">./assets/images/trump/z02.gif</data>
      </data>
      <data name="common">
        <data name="name">カード</data>
        <data name="size">2</data>
      </data>
      <data name="detail"></data>
    </data>
  </card>
  <dice-symbol face="1" owner="" rotate="0" location.name="table" location.x="743.7814235759357" location.y="622.1352630778864" posZ="0">
    <data name="dice-symbol">
      <data name="image">
        <data type="image" name="1">./assets/images/dice/4_dice/4_dice[1].png</data>
        <data type="image" name="2">./assets/images/dice/4_dice/4_dice[2].png</data>
        <data type="image" name="3">./assets/images/dice/4_dice/4_dice[3].png</data>
        <data type="image" name="4">./assets/images/dice/4_dice/4_dice[4].png</data>
      </data>
      <data name="common">
        <data name="name">D4</data>
        <data name="size">1</data>
      </data>
      <data name="detail"></data>
    </data>
  </dice-symbol>
</room>