<?xml version="1.0" encoding="UTF-8"?>
<room>
  <game-table name="最初のテーブル" width="20" height="15" gridSize="50" imageIdentifier="testTableBackgroundImage_image" backgroundImageIdentifier="imageIdentifier" backgroundFilterType="" selected="true" gridType="0" gridColor="#000000e6">
    <terrain isLocked="false" mode="3" rotate="0" location.name="table" location.x="0" location.y="0" posZ="0">
      <data name="terrain">
        <data name="image">
          <data type="image" name="imageIdentifier"></data>
          <data type="image" name="wall">./assets/images/tex.jpg</data>
          <data type="image" name="floor">./assets/images/tex.jpg</data>
        </data>
        <data name="common">
          <data name="name">地形</data>
          <data name="width">2</data>
          <data name="height">2</data>
          <data name="depth">2</data>
        </data>
        <data name="detail"></data>
      </data>
    </terrain>
    <table-mask isLock="false" location.name="table" location.x="100" location.y="0" posZ="0">
      <data name="table-mask">
        <data name="image">
          <data type="image" name="imageIdentifier"></data>
        </data>
        <data name="common">
          <data name="name">マップマスク</data>
          <data name="width">5</data>
          <data name="height">5</data>
          <data type="numberResource" currentValue="100" name="opacity">100</data>
        </data>
        <data name="detail"></data>
      </data>
    </table-mask>
  </game-table>
  <game-table name="白紙のテーブル" width="20" height="20" gridSize="50" imageIdentifier="testTableBackgroundImage_image" backgroundImageIdentifier="testTableBackgroundImage_image" backgroundFilterType="black" selected="false" gridType="0" gridColor="#000000e6">
    <terrain isLocked="false" mode="3" rotate="0" location.name="table" location.x="250" location.y="0" posZ="0">
      <data name="terrain">
        <data name="image">
          <data type="image" name="imageIdentifier"></data>
          <data type="image" name="wall">./assets/images/tex.jpg</data>
          <data type="image" name="floor">./assets/images/tex.jpg</data>
        </data>
        <data name="common">
          <data name="name">地形</data>
          <data name="width">2</data>
          <data name="height">2</data>
          <data name="depth">2</data>
        </data>
        <data name="detail"></data>
      </data>
    </terrain>
    <table-mask isLock="false" location.name="table" location.x="0" location.y="0" posZ="0">
      <data name="table-mask">
        <data name="image">
          <data type="image" name="imageIdentifier"></data>
        </data>
        <data name="common">
          <data name="name">マップマスク</data>
          <data name="width">5</data>
          <data name="height">5</data>
          <data type="numberResource" currentValue="100" name="opacity">100</data>
        </data>
        <data name="detail"></data>
      </data>
    </table-mask>
  </game-table>
</room>