<?xml version="1.0" encoding="UTF-8"?>
<room>
  <game-table name="最初のテーブル" width="20" height="15" gridSize="50" imageIdentifier="testTableBackgroundImage_image" backgroundImageIdentifier="imageIdentifier" backgroundFilterType="" selected="true" gridType="0" gridColor="#000000e6">
    <terrain isLocked="false" mode="3" rotate="0" location.name="table" location.x="475" location.y="350" posZ="0">
      <data name="terrain">
        <data name="image">
          <data type="image" name="imageIdentifier"></data>
          <data type="image" name="wall">./assets/images/tex.jpg</data>
          <data type="image" name="floor">./assets/images/tex.jpg</data>
        </data>
        <data name="common">
          <data name="name">地形-サイズ変更</data>
          <data name="width">3</data>
          <data name="height">1</data>
          <data name="depth">4</data>
        </data>
        <data name="detail"></data>
      </data>
    </terrain>
    <terrain isLocked="true" mode="3" rotate="0" location.name="table" location.x="564.1877251763527" location.y="199.176441991989" posZ="0">
      <data name="terrain">
        <data name="image">
          <data type="image" name="imageIdentifier"></data>
          <data type="image" name="wall">./assets/images/tex.jpg</data>
          <data type="image" name="floor">./assets/images/tex.jpg</data>
        </data>
        <data name="common">
          <data name="name">地形-固定</data>
          <data name="width">2</data>
          <data name="height">2</data>
          <data name="depth">2</data>
        </data>
        <data name="detail"></data>
      </data>
    </terrain>
    <terrain isLocked="false" mode="3" rotate="0" location.name="table" location.x="450" location.y="200" posZ="0">
      <data name="terrain">
        <data name="image">
          <data type="image" name="imageIdentifier"></data>
          <data type="image" name="wall">./assets/images/tex.jpg</data>
          <data type="image" name="floor">./assets/images/tex.jpg</data>
        </data>
        <data name="common">
          <data name="name">地形-デフォルト</data>
          <data name="width">2</data>
          <data name="height">2</data>
          <data name="depth">2</data>
        </data>
        <data name="detail"></data>
      </data>
    </terrain>
    <terrain isLocked="false" mode="1" rotate="0" location.name="table" location.x="675" location.y="200" posZ="0">
      <data name="terrain">
        <data name="image">
          <data type="image" name="imageIdentifier"></data>
          <data type="image" name="wall">./assets/images/tex.jpg</data>
          <data type="image" name="floor">./assets/images/tex.jpg</data>
        </data>
        <data name="common">
          <data name="name">地形-壁を非表示</data>
          <data name="width">2</data>
          <data name="height">2</data>
          <data name="depth">2</data>
        </data>
        <data name="detail"></data>
      </data>
    </terrain>
    <terrain isLocked="false" mode="3" rotate="0" location.name="table" location.x="525" location.y="450" posZ="49.99999999999982">
      <data name="terrain">
        <data name="image">
          <data type="image" name="imageIdentifier"></data>
          <data type="image" name="wall">./assets/images/tex.jpg</data>
          <data type="image" name="floor">./assets/images/tex.jpg</data>
        </data>
        <data name="common">
          <data name="name">地形-地形の上</data>
          <data name="width">2</data>
          <data name="height">2</data>
          <data name="depth">2</data>
        </data>
        <data name="detail"></data>
      </data>
    </terrain>
    <terrain isLocked="false" mode="3" rotate="0" location.name="table" location.x="375" location.y="625" posZ="0">
      <data name="terrain">
        <data name="image">
          <data type="image" name="imageIdentifier"></data>
          <data type="image" name="wall">./assets/images/tex.jpg</data>
          <data type="image" name="floor">testTableBackgroundImage_image</data>
        </data>
        <data name="common">
          <data name="name">地形-画像変更-床</data>
          <data name="width">2</data>
          <data name="height">2</data>
          <data name="depth">2</data>
        </data>
        <data name="detail"></data>
      </data>
    </terrain>
    <terrain isLocked="false" mode="3" rotate="0" location.name="table" location.x="550" location.y="600" posZ="0">
      <data name="terrain">
        <data name="image">
          <data type="image" name="imageIdentifier"></data>
          <data type="image" name="wall">testTableBackgroundImage_image</data>
          <data type="image" name="floor">./assets/images/tex.jpg</data>
        </data>
        <data name="common">
          <data name="name">地形-画像変更-壁</data>
          <data name="width">2</data>
          <data name="height">2</data>
          <data name="depth">2</data>
        </data>
        <data name="detail"></data>
      </data>
    </terrain>
    <terrain isLocked="false" mode="3" rotate="30" location.name="table" location.x="0" location.y="0" posZ="0">
      <data name="terrain">
        <data name="image">
          <data type="image" name="imageIdentifier"></data>
          <data type="image" name="wall">./assets/images/tex.jpg</data>
          <data type="image" name="floor">./assets/images/tex.jpg</data>
        </data>
        <data name="common">
          <data name="name">地形-回転</data>
          <data name="width">2</data>
          <data name="height">2</data>
          <data name="depth">2</data>
        </data>
        <data name="detail"></data>
      </data>
    </terrain>
    <terrain isLocked="true" mode="1" rotate="0" location.name="table" location.x="800" location.y="200" posZ="0">
      <data name="terrain">
        <data name="image">
          <data type="image" name="imageIdentifier"></data>
          <data type="image" name="wall">./assets/images/tex.jpg</data>
          <data type="image" name="floor">./assets/images/tex.jpg</data>
        </data>
        <data name="common">
          <data name="name">地形-壁を非表示-固定</data>
          <data name="width">2</data>
          <data name="height">2</data>
          <data name="depth">2</data>
        </data>
        <data name="detail"></data>
      </data>
    </terrain>
  </game-table>
</room>